Genus,N_genomes,Marker_ID,Gene_symbol,Present_n,Absent_n,Prevalence
Lactiplantibacillus,462,UM001,glk,462,0,1.0
Lactiplantibacillus,462,UM002,pgi,462,0,1.0
Lactiplantibacillus,462,UM003,pfk,462,0,1.0
Lactiplantibacillus,462,UM004,fba,462,0,1.0
Lactiplantibacillus,462,UM005,tpi,462,0,1.0
Lactiplantibacillus,462,UM006,gap,462,0,1.0
Lactiplantibacillus,462,UM007,pgk,462,0,1.0
Lactiplantibacillus,462,UM008,pgm,462,0,1.0
Lactiplantibacillus,462,UM009,eno,462,0,1.0
Lactiplantibacillus,462,UM010,pyk,462,0,1.0
Lactiplantibacillus,462,UM011,ldh,462,0,1.0
Lactiplantibacillus,462,UM012,ldhD,462,0,1.0
Lactiplantibacillus,462,UM013,xfp,462,0,1.0
Lactiplantibacillus,462,UM014,zwf,462,0,1.0
Lactiplantibacillus,462,UM015,pgl,462,0,1.0
Lactiplantibacillus,462,UM016,gnd,462,0,1.0
Lactiplantibacillus,462,UM017,rpe,462,0,1.0
Lactiplantibacillus,462,UM018,rpi,462,0,1.0
Lactiplantibacillus,462,UM019,pta,462,0,1.0
Lactiplantibacillus,462,UM020,ackA,462,0,1.0
Lactiplantibacillus,462,UM021,adhE,462,0,1.0
Lactiplantibacillus,462,UM022,adh,462,0,1.0
Lactiplantibacillus,462,UM023,pfl,459,3,0.9935
Lactiplantibacillus,462,UM024,alsS,462,0,1.0
Lactiplantibacillus,462,UM025,alsD,462,0,1.0
Lactiplantibacillus,462,UM026,pox,462,0,1.0
Lactiplantibacillus,462,UM027,noxE,462,0,1.0
Lactiplantibacillus,462,UM028,npr,462,0,1.0
Lactobacillus,15,UM001,glk,10,5,0.6667
Lactobacillus,15,UM002,pgi,15,0,1.0
Lactobacillus,15,UM003,pfk,13,2,0.8667
Lactobacillus,15,UM004,fba,13,2,0.8667
Lactobacillus,15,UM005,tpi,15,0,1.0
Lactobacillus,15,UM006,gap,15,0,1.0
Lactobacillus,15,UM007,pgk,15,0,1.0
Lactobacillus,15,UM008,pgm,15,0,1.0
Lactobacillus,15,UM009,eno,15,0,1.0
Lactobacillus,15,UM010,pyk,15,0,1.0
Lactobacillus,15,UM011,ldh,15,0,1.0
Lactobacillus,15,UM012,ldhD,14,1,0.9333
Lactobacillus,15,UM013,xfp,14,1,0.9333
Lactobacillus,15,UM014,zwf,15,0,1.0
Lactobacillus,15,UM015,pgl,15,0,1.0
Lactobacillus,15,UM016,gnd,15,0,1.0
Lactobacillus,15,UM017,rpe,15,0,1.0
Lactobacillus,15,UM018,rpi,15,0,1.0
Lactobacillus,15,UM019,pta,15,0,1.0
Lactobacillus,15,UM020,ackA,15,0,1.0
Lactobacillus,15,UM021,adhE,15,0,1.0
Lactobacillus,15,UM022,adh,8,7,0.5333
Lactobacillus,15,UM023,pfl,6,9,0.4
Lactobacillus,15,UM024,alsS,10,5,0.6667
Lactobacillus,15,UM025,alsD,10,5,0.6667
Lactobacillus,15,UM026,pox,13,2,0.8667
Lactobacillus,15,UM027,noxE,8,7,0.5333
Lactobacillus,15,UM028,npr,13,2,0.8667
Lactococcus,1,UM001,glk,1,0,1.0
Lactococcus,1,UM002,pgi,1,0,1.0
Lactococcus,1,UM003,pfk,1,0,1.0
Lactococcus,1,UM004,fba,1,0,1.0
Lactococcus,1,UM005,tpi,1,0,1.0
Lactococcus,1,UM006,gap,1,0,1.0
Lactococcus,1,UM007,pgk,1,0,1.0
Lactococcus,1,UM008,pgm,1,0,1.0
Lactococcus,1,UM009,eno,1,0,1.0
Lactococcus,1,UM010,pyk,1,0,1.0
Lactococcus,1,UM011,ldh,1,0,1.0
Lactococcus,1,UM012,ldhD,0,1,0.0
Lactococcus,1,UM013,xfp,1,0,1.0
Lactococcus,1,UM014,zwf,1,0,1.0
Lactococcus,1,UM015,pgl,1,0,1.0
Lactococcus,1,UM016,gnd,1,0,1.0
Lactococcus,1,UM017,rpe,1,0,1.0
Lactococcus,1,UM018,rpi,1,0,1.0
Lactococcus,1,UM019,pta,1,0,1.0
Lactococcus,1,UM020,ackA,1,0,1.0
Lactococcus,1,UM021,adhE,1,0,1.0
Lactococcus,1,UM022,adh,1,0,1.0
Lactococcus,1,UM023,pfl,1,0,1.0
Lactococcus,1,UM024,alsS,1,0,1.0
Lactococcus,1,UM025,alsD,1,0,1.0
Lactococcus,1,UM026,pox,1,0,1.0
Lactococcus,1,UM027,noxE,1,0,1.0
Lactococcus,1,UM028,npr,0,1,0.0
Leuconostoc,3,UM001,glk,3,0,1.0
Leuconostoc,3,UM002,pgi,3,0,1.0
Leuconostoc,3,UM003,pfk,0,3,0.0
Leuconostoc,3,UM004,fba,1,2,0.3333
Leuconostoc,3,UM005,tpi,3,0,1.0
Leuconostoc,3,UM006,gap,3,0,1.0
Leuconostoc,3,UM007,pgk,3,0,1.0
Leuconostoc,3,UM008,pgm,3,0,1.0
Leuconostoc,3,UM009,eno,3,0,1.0
Leuconostoc,3,UM010,pyk,3,0,1.0
Leuconostoc,3,UM011,ldh,0,3,0.0
Leuconostoc,3,UM012,ldhD,3,0,1.0
Leuconostoc,3,UM013,xfp,3,0,1.0
Leuconostoc,3,UM014,zwf,3,0,1.0
Leuconostoc,3,UM015,pgl,3,0,1.0
Leuconostoc,3,UM016,gnd,2,1,0.6667
Leuconostoc,3,UM017,rpe,3,0,1.0
Leuconostoc,3,UM018,rpi,3,0,1.0
Leuconostoc,3,UM019,pta,3,0,1.0
Leuconostoc,3,UM020,ackA,3,0,1.0
Leuconostoc,3,UM021,adhE,3,0,1.0
Leuconostoc,3,UM022,adh,3,0,1.0
Leuconostoc,3,UM023,pfl,0,3,0.0
Leuconostoc,3,UM024,alsS,3,0,1.0
Leuconostoc,3,UM025,alsD,3,0,1.0
Leuconostoc,3,UM026,pox,2,1,0.6667
Leuconostoc,3,UM027,noxE,3,0,1.0
Leuconostoc,3,UM028,npr,3,0,1.0
Pediococcus,1,UM001,glk,1,0,1.0
Pediococcus,1,UM002,pgi,1,0,1.0
Pediococcus,1,UM003,pfk,1,0,1.0
Pediococcus,1,UM004,fba,1,0,1.0
Pediococcus,1,UM005,tpi,1,0,1.0
Pediococcus,1,UM006,gap,1,0,1.0
Pediococcus,1,UM007,pgk,1,0,1.0
Pediococcus,1,UM008,pgm,1,0,1.0
Pediococcus,1,UM009,eno,1,0,1.0
Pediococcus,1,UM010,pyk,1,0,1.0
Pediococcus,1,UM011,ldh,1,0,1.0
Pediococcus,1,UM012,ldhD,1,0,1.0
Pediococcus,1,UM013,xfp,1,0,1.0
Pediococcus,1,UM014,zwf,1,0,1.0
Pediococcus,1,UM015,pgl,1,0,1.0
Pediococcus,1,UM016,gnd,1,0,1.0
Pediococcus,1,UM017,rpe,1,0,1.0
Pediococcus,1,UM018,rpi,1,0,1.0
Pediococcus,1,UM019,pta,1,0,1.0
Pediococcus,1,UM020,ackA,1,0,1.0
Pediococcus,1,UM021,adhE,1,0,1.0
Pediococcus,1,UM022,adh,1,0,1.0
Pediococcus,1,UM023,pfl,0,1,0.0
Pediococcus,1,UM024,alsS,1,0,1.0
Pediococcus,1,UM025,alsD,1,0,1.0
Pediococcus,1,UM026,pox,1,0,1.0
Pediococcus,1,UM027,noxE,1,0,1.0
Pediococcus,1,UM028,npr,1,0,1.0
Streptococcus,1,UM001,glk,1,0,1.0
Streptococcus,1,UM002,pgi,1,0,1.0
Streptococcus,1,UM003,pfk,1,0,1.0
Streptococcus,1,UM004,fba,1,0,1.0
Streptococcus,1,UM005,tpi,1,0,1.0
Streptococcus,1,UM006,gap,1,0,1.0
Streptococcus,1,UM007,pgk,1,0,1.0
Streptococcus,1,UM008,pgm,1,0,1.0
Streptococcus,1,UM009,eno,1,0,1.0
Streptococcus,1,UM010,pyk,1,0,1.0
Streptococcus,1,UM011,ldh,1,0,1.0
Streptococcus,1,UM012,ldhD,0,1,0.0
Streptococcus,1,UM013,xfp,0,1,0.0
Streptococcus,1,UM014,zwf,0,1,0.0
Streptococcus,1,UM015,pgl,0,1,0.0
Streptococcus,1,UM016,gnd,0,1,0.0
Streptococcus,1,UM017,rpe,1,0,1.0
Streptococcus,1,UM018,rpi,1,0,1.0
Streptococcus,1,UM019,pta,1,0,1.0
Streptococcus,1,UM020,ackA,1,0,1.0
Streptococcus,1,UM021,adhE,1,0,1.0
Streptococcus,1,UM022,adh,1,0,1.0
Streptococcus,1,UM023,pfl,1,0,1.0
Streptococcus,1,UM024,alsS,1,0,1.0
Streptococcus,1,UM025,alsD,1,0,1.0
Streptococcus,1,UM026,pox,0,1,0.0
Streptococcus,1,UM027,noxE,1,0,1.0
Streptococcus,1,UM028,npr,0,1,0.0
Weissella,3,UM001,glk,3,0,1.0
Weissella,3,UM002,pgi,3,0,1.0
Weissella,3,UM003,pfk,0,3,0.0
Weissella,3,UM004,fba,2,1,0.6667
Weissella,3,UM005,tpi,3,0,1.0
Weissella,3,UM006,gap,3,0,1.0
Weissella,3,UM007,pgk,3,0,1.0
Weissella,3,UM008,pgm,3,0,1.0
Weissella,3,UM009,eno,3,0,1.0
Weissella,3,UM010,pyk,3,0,1.0
Weissella,3,UM011,ldh,2,1,0.6667
Weissella,3,UM012,ldhD,3,0,1.0
Weissella,3,UM013,xfp,3,0,1.0
Weissella,3,UM014,zwf,3,0,1.0
Weissella,3,UM015,pgl,3,0,1.0
Weissella,3,UM016,gnd,3,0,1.0
Weissella,3,UM017,rpe,3,0,1.0
Weissella,3,UM018,rpi,3,0,1.0
Weissella,3,UM019,pta,3,0,1.0
Weissella,3,UM020,ackA,3,0,1.0
Weissella,3,UM021,adhE,3,0,1.0
Weissella,3,UM022,adh,3,0,1.0
Weissella,3,UM023,pfl,0,3,0.0
Weissella,3,UM024,alsS,2,1,0.6667
Weissella,3,UM025,alsD,1,2,0.3333
Weissella,3,UM026,pox,3,0,1.0
Weissella,3,UM027,noxE,3,0,1.0
Weissella,3,UM028,npr,2,1,0.6667
