Genome_ID,Species_original,Species_current,Genus,Accession,FASTA_file,Study_group,Duplicate_accession,Include_primary_analysis,Assembly_level,Genome_size_bp,GC_percent,CDS,rRNA,tRNA,Contigs,N50_bp,Isolation_source,Fermentation_type,Notes
LABG_0001,Akkermansia muciniphila,Akkermansia muciniphila,Akkermansia,GCF_009731575.1,GCF_009731575.1_ASM973157v1_genomic.fna,fermentative_non_LAB,False,,,2878459,55.6373,,,,2,,,,
LABG_0002,Bacillus clausii,Bacillus clausii,Bacillus,GCF_034479305.1,GCF_034479305.1_ASM3447930v1_genomic.fna,external_comparator,False,,,4498248,44.6821,,,,1,,,,
LABG_0003,Bacillus coagulans,Bacillus coagulans,Bacillus,GCF_000832905.1,GCF_000832905.1_ASM83290v1_genomic.fna,external_comparator,False,,,3366995,46.8972,,,,1,,,,
LABG_0004,Bacillus subtilis,Bacillus subtilis,Bacillus,GCF_000009045.1,GCF_000009045.1_ASM904v1_genomic.fna,external_comparator,False,,,4215606,43.5144,,,,1,,,,
LABG_0005,Bacteroides fragilis,Bacteroides fragilis,Bacteroides,GCF_000025985.1,GCF_000025985.1_ASM2598v1_genomic.fna,external_comparator,False,,,5241700,43.1142,,,,2,,,,
LABG_0006,Bacteroides xylanisolvens,Bacteroides xylanisolvens,Bacteroides,GCF_018289135.1,GCF_018289135.1_ASM1828913v1_genomic.fna,external_comparator,False,,,6558523,42.0751,,,,4,,,,
LABG_0007,Bifidobacterium adolescentis,Bifidobacterium adolescentis,Bifidobacterium,GCF_000010425.1,GCF_000010425.1_ASM1042v1_genomic.fna,fermentative_non_LAB,False,,,2089645,59.1843,,,,1,,,,
LABG_0008,Bifidobacterium bifidum,Bifidobacterium bifidum,Bifidobacterium,GCF_001025135.1,GCF_001025135.1_ASM102513v1_genomic.fna,fermentative_non_LAB,False,,,2211039,62.6649,,,,1,,,,
LABG_0009,Bifidobacterium breve,Bifidobacterium breve,Bifidobacterium,GCF_001025175.1,GCF_001025175.1_ASM102517v1_genomic.fna,fermentative_non_LAB,False,,,2269415,58.8903,,,,1,,,,
LABG_0010,Bifidobacterium dentium,Bifidobacterium dentium,Bifidobacterium,GCF_001042595.1,GCF_001042595.1_ASM104259v1_genomic.fna,fermentative_non_LAB,False,,,2635669,58.5379,,,,1,,,,
LABG_0011,Bifidobacterium infantis,Bifidobacterium infantis,Bifidobacterium,GCF_900637215.1,GCF_900637215.1_49888_B01_genomic.fna,fermentative_non_LAB,False,,,2832748,59.8635,,,,1,,,,
LABG_0012,Bifidobacterium lactis,Bifidobacterium lactis,Bifidobacterium,GCF_000022965.1,GCF_000022965.1_ASM2296v1_genomic.fna,fermentative_non_LAB,False,,,1938483,60.482,,,,1,,,,
LABG_0013,Bifidobacterium longum,Bifidobacterium longum,Bifidobacterium,GCF_000196555.1,GCF_000196555.1_ASM19655v1_genomic.fna,fermentative_non_LAB,False,,,2385164,60.3297,,,,1,,,,
LABG_0014,Bifidobacterium pseudolongum,Bifidobacterium pseudolongum,Bifidobacterium,GCF_002706665.1,GCF_002706665.1_ASM270666v1_genomic.fna,fermentative_non_LAB,False,,,1978157,63.3383,,,,1,,,,
LABG_0015,Clostridium butyricum,Clostridium butyricum,Clostridium,GCF_014131795.1,GCF_014131795.1_ASM1413179v1_genomic.fna,external_comparator,False,,,4705596,28.7419,,,,4,,,,
LABG_0016,Enterococcus faecalis,Enterococcus faecalis,Enterococcus,GCF_000393015.1,GCF_000393015.1_Ente_faec_T5_V1_genomic.fna,Enterococcus,False,,,2870381,37.3688,,,,3,,,,
LABG_0017,Enterococcus faecium,Enterococcus faecium,Enterococcus,GCF_009734005.1,GCF_009734005.1_ASM973400v2_genomic.fna,Enterococcus,False,,,2919198,37.8767,,,,2,,,,
LABG_0018,Enterococcus mundtii,Enterococcus mundtii,Enterococcus,GCF_002813755.1,GCF_002813755.1_ASM281375v1_genomic.fna,Enterococcus,False,,,3504528,38.1853,,,,2,,,,
LABG_0019,Escherichia coli Nissle 1917,Escherichia coli Nissle 1917,Escherichia,GCF_000714595.1,GCF_000714595.1_ASM71459v1_genomic.fna,external_comparator,False,,,5441200,50.5779,,,,1,,,,
LABG_0020,Faecalibacterium prausnitzii,Faecalibacterium prausnitzii,Faecalibacterium,GCF_000154385.1,GCF_000154385.1_ASM15438v1_genomic.fna,external_comparator,False,,,3127383,56.2319,,,,25,,,,
LABG_0021,Lactiplantibacillus plantarum,Lactiplantibacillus plantarum,Lactiplantibacillus,GCF_000023085.1,GCF_000023085.1.fna,core_LAB,False,,,3197759,44.6609,,,,1,,,,
LABG_0022,Lactiplantibacillus plantarum,Lactiplantibacillus plantarum,Lactiplantibacillus,GCF_000148815.2,GCF_000148815.2.fna,core_LAB,False,,,3307936,44.4812,,,,2,,,,
LABG_0023,Lactiplantibacillus plantarum,Lactiplantibacillus plantarum,Lactiplantibacillus,GCF_000203855.3,GCF_000203855.3.fna,core_LAB,False,,,3348624,44.4177,,,,4,,,,
LABG_0024,Lactiplantibacillus plantarum,Lactiplantibacillus plantarum,Lactiplantibacillus,GCF_000338115.2,GCF_000338115.2.fna,core_LAB,False,,,3299755,44.4932,,,,4,,,,
LABG_0025,Lactiplantibacillus plantarum,Lactiplantibacillus plantarum,Lactiplantibacillus,GCF_000412205.1,GCF_000412205.1.fna,core_LAB,False,,,3361015,44.3449,,,,11,,,,
LABG_0026,Lactiplantibacillus plantarum,Lactiplantibacillus plantarum,Lactiplantibacillus,GCF_000466905.3,GCF_000466905.3.fna,core_LAB,False,,,3465655,44.2895,,,,11,,,,
LABG_0027,Lactiplantibacillus plantarum,Lactiplantibacillus plantarum,Lactiplantibacillus,GCF_000604105.1,GCF_000604105.1.fna,core_LAB,False,,,3210111,44.6393,,,,3,,,,
LABG_0028,Lactiplantibacillus plantarum,Lactiplantibacillus plantarum,Lactiplantibacillus,GCF_000931425.2,GCF_000931425.2.fna,core_LAB,False,,,3310674,44.4202,,,,3,,,,
LABG_0029,Lactiplantibacillus plantarum,Lactiplantibacillus plantarum,Lactiplantibacillus,GCF_001272315.2,GCF_001272315.2.fna,core_LAB,False,,,3273239,44.443,,,,3,,,,
LABG_0030,Lactiplantibacillus plantarum,Lactiplantibacillus plantarum,Lactiplantibacillus,GCF_001278015.1,GCF_001278015.1.fna,core_LAB,False,,,3237652,44.6591,,,,1,,,,
LABG_0031,Lactiplantibacillus plantarum,Lactiplantibacillus plantarum,Lactiplantibacillus,GCF_001296095.1,GCF_001296095.1.fna,core_LAB,False,,,3198337,44.6556,,,,1,,,,
LABG_0032,Lactiplantibacillus plantarum,Lactiplantibacillus plantarum,Lactiplantibacillus,GCF_001302645.1,GCF_001302645.1.fna,core_LAB,False,,,3405709,44.311,,,,11,,,,
LABG_0033,Lactiplantibacillus plantarum,Lactiplantibacillus plantarum,Lactiplantibacillus,GCF_001331925.2,GCF_001331925.2.fna,core_LAB,False,,,3141590,44.684,,,,1,,,,
LABG_0034,Lactiplantibacillus paraplantarum,Lactiplantibacillus paraplantarum,Lactiplantibacillus,GCF_001443645.1,GCF_001443645.1.fna,core_LAB,False,,,3139729,43.9522,,,,1,,,,
LABG_0035,Lactiplantibacillus plantarum,Lactiplantibacillus plantarum,Lactiplantibacillus,GCF_001484005.1,GCF_001484005.1.fna,core_LAB,False,,,3322458,44.4655,,,,3,,,,
LABG_0036,Lactiplantibacillus plantarum,Lactiplantibacillus plantarum,Lactiplantibacillus,GCF_001581895.1,GCF_001581895.1.fna,core_LAB,False,,,2952218,44.9337,,,,1,,,,
LABG_0037,Lactiplantibacillus plantarum,Lactiplantibacillus plantarum,Lactiplantibacillus,GCF_001596095.1,GCF_001596095.1.fna,core_LAB,False,,,3262611,44.4783,,,,1,,,,
LABG_0038,Lactiplantibacillus plantarum,Lactiplantibacillus plantarum,Lactiplantibacillus,GCF_001617525.2,GCF_001617525.2.fna,core_LAB,False,,,3274606,44.5218,,,,4,,,,
LABG_0039,Lactiplantibacillus plantarum,Lactiplantibacillus plantarum,Lactiplantibacillus,GCF_001659745.1,GCF_001659745.1.fna,core_LAB,False,,,3263715,44.5466,,,,4,,,,
LABG_0040,Lactiplantibacillus plantarum,Lactiplantibacillus plantarum,Lactiplantibacillus,GCF_001660025.1,GCF_001660025.1.fna,core_LAB,False,,,3425292,44.3503,,,,6,,,,
LABG_0041,Lactiplantibacillus plantarum,Lactiplantibacillus plantarum,Lactiplantibacillus,GCF_001672035.1,GCF_001672035.1.fna,core_LAB,False,,,3354689,44.3558,,,,1,,,,
LABG_0042,Lactiplantibacillus plantarum,Lactiplantibacillus plantarum,Lactiplantibacillus,GCF_001704315.1,GCF_001704315.1.fna,core_LAB,False,,,3692742,44.1083,,,,4,,,,
LABG_0043,Lactiplantibacillus plantarum,Lactiplantibacillus plantarum,Lactiplantibacillus,GCF_001704335.1,GCF_001704335.1.fna,core_LAB,False,,,3697306,44.0839,,,,4,,,,
LABG_0044,Lactiplantibacillus plantarum,Lactiplantibacillus plantarum,Lactiplantibacillus,GCF_001715615.1,GCF_001715615.1.fna,core_LAB,False,,,3128783,44.7353,,,,2,,,,
LABG_0045,Lactiplantibacillus plantarum,Lactiplantibacillus plantarum,Lactiplantibacillus,GCF_001874125.1,GCF_001874125.1.fna,core_LAB,False,,,3392777,44.4274,,,,7,,,,
LABG_0046,Lactiplantibacillus plantarum,Lactiplantibacillus plantarum,Lactiplantibacillus,GCF_001880185.2,GCF_001880185.2.fna,core_LAB,False,,,3576440,44.2154,,,,15,,,,
LABG_0047,Lactiplantibacillus plantarum,Lactiplantibacillus plantarum,Lactiplantibacillus,GCF_001990145.1,GCF_001990145.1.fna,core_LAB,False,,,3462990,44.3158,,,,7,,,,
LABG_0048,Lactiplantibacillus plantarum,Lactiplantibacillus plantarum,Lactiplantibacillus,GCF_002005385.2,GCF_002005385.2.fna,core_LAB,False,,,3311056,44.513,,,,1,,,,
LABG_0049,Lactiplantibacillus plantarum,Lactiplantibacillus plantarum,Lactiplantibacillus,GCF_002024845.1,GCF_002024845.1.fna,core_LAB,False,,,3230754,44.5371,,,,2,,,,
LABG_0050,Lactiplantibacillus plantarum,Lactiplantibacillus plantarum,Lactiplantibacillus,GCF_002109405.1,GCF_002109405.1.fna,core_LAB,False,,,3196967,44.6002,,,,2,,,,
LABG_0051,Lactiplantibacillus plantarum,Lactiplantibacillus plantarum,Lactiplantibacillus,GCF_002109425.1,GCF_002109425.1.fna,core_LAB,False,,,3284622,44.5486,,,,1,,,,
LABG_0052,Lactiplantibacillus plantarum,Lactiplantibacillus plantarum,Lactiplantibacillus,GCF_002116955.1,GCF_002116955.1.fna,core_LAB,False,,,3476011,44.1922,,,,6,,,,
LABG_0053,Lactiplantibacillus plantarum,Lactiplantibacillus plantarum,Lactiplantibacillus,GCF_002117245.1,GCF_002117245.1.fna,core_LAB,False,,,3351899,44.3012,,,,9,,,,
LABG_0054,Lactiplantibacillus plantarum,Lactiplantibacillus plantarum,Lactiplantibacillus,GCF_002117265.1,GCF_002117265.1.fna,core_LAB,False,,,3400131,44.221,,,,11,,,,
LABG_0055,Lactiplantibacillus plantarum,Lactiplantibacillus plantarum,Lactiplantibacillus,GCF_002117285.1,GCF_002117285.1.fna,core_LAB,False,,,3246485,44.5566,,,,5,,,,
LABG_0056,Lactiplantibacillus plantarum,Lactiplantibacillus plantarum,Lactiplantibacillus,GCF_002117305.1,GCF_002117305.1.fna,core_LAB,False,,,3332882,44.3511,,,,5,,,,
LABG_0057,Lactiplantibacillus plantarum,Lactiplantibacillus plantarum,Lactiplantibacillus,GCF_002173655.1,GCF_002173655.1.fna,core_LAB,False,,,3331364,44.432,,,,4,,,,
LABG_0058,Lactiplantibacillus plantarum,Lactiplantibacillus plantarum,Lactiplantibacillus,GCF_002174195.1,GCF_002174195.1.fna,core_LAB,False,,,3223596,44.5992,,,,1,,,,
LABG_0059,Lactiplantibacillus plantarum,Lactiplantibacillus plantarum,Lactiplantibacillus,GCF_002205775.2,GCF_002205775.2.fna,core_LAB,False,,,3200572,44.6381,,,,2,,,,
LABG_0060,Lactiplantibacillus pentosus,Lactiplantibacillus pentosus,Lactiplantibacillus,GCF_002211885.1,GCF_002211885.1.fna,core_LAB,False,,,3583008,46.3977,,,,2,,,,
LABG_0061,Lactiplantibacillus plantarum,Lactiplantibacillus plantarum,Lactiplantibacillus,GCF_002220175.1,GCF_002220175.1.fna,core_LAB,False,,,3325676,44.5184,,,,1,,,,
LABG_0062,Lactiplantibacillus plantarum,Lactiplantibacillus plantarum,Lactiplantibacillus,GCF_002220815.1,GCF_002220815.1.fna,core_LAB,False,,,3040388,44.8696,,,,1,,,,
LABG_0063,Lactiplantibacillus plantarum,Lactiplantibacillus plantarum,Lactiplantibacillus,GCF_002286275.1,GCF_002286275.1.fna,core_LAB,False,,,3329954,44.4416,,,,3,,,,
LABG_0064,Lactiplantibacillus plantarum,Lactiplantibacillus plantarum,Lactiplantibacillus,GCF_002290185.1,GCF_002290185.1.fna,core_LAB,False,,,3581586,44.2023,,,,5,,,,
LABG_0065,Lactiplantibacillus plantarum,Lactiplantibacillus plantarum,Lactiplantibacillus,GCF_002576835.1,GCF_002576835.1.fna,core_LAB,False,,,3452904,44.333,,,,3,,,,
LABG_0066,Lactiplantibacillus plantarum,Lactiplantibacillus plantarum,Lactiplantibacillus,GCF_002749655.1,GCF_002749655.1.fna,core_LAB,False,,,3309473,44.4705,,,,5,,,,
LABG_0067,Lactiplantibacillus pentosus,Lactiplantibacillus pentosus,Lactiplantibacillus,GCF_002850015.1,GCF_002850015.1.fna,core_LAB,False,,,3676811,46.1782,,,,6,,,,
LABG_0068,Lactiplantibacillus plantarum,Lactiplantibacillus plantarum,Lactiplantibacillus,GCF_002868755.1,GCF_002868755.1.fna,core_LAB,False,,,3330006,44.5483,,,,4,,,,
LABG_0069,Lactiplantibacillus plantarum,Lactiplantibacillus plantarum,Lactiplantibacillus,GCF_002868775.1,GCF_002868775.1.fna,core_LAB,False,,,3373076,44.4905,,,,2,,,,
LABG_0070,Lactiplantibacillus plantarum,Lactiplantibacillus plantarum,Lactiplantibacillus,GCF_002895245.1,GCF_002895245.1.fna,core_LAB,False,,,3198690,44.5887,,,,1,,,,
LABG_0071,Lactiplantibacillus plantarum,Lactiplantibacillus plantarum,Lactiplantibacillus,GCF_002906875.1,GCF_002906875.1.fna,core_LAB,False,,,3541869,44.1351,,,,4,,,,
LABG_0072,Lactiplantibacillus plantarum,Lactiplantibacillus plantarum,Lactiplantibacillus,GCF_002943545.1,GCF_002943545.1.fna,core_LAB,False,,,3407054,44.3771,,,,7,,,,
LABG_0073,Lactiplantibacillus plantarum,Lactiplantibacillus plantarum,Lactiplantibacillus,GCF_002948215.1,GCF_002948215.1.fna,core_LAB,False,,,3291849,44.5048,,,,1,,,,
LABG_0074,Lactiplantibacillus koreensis,Lactiplantibacillus koreensis,Lactiplantibacillus,GCF_002970915.1,GCF_002970915.1.fna,core_LAB,False,,,2552584,42.775,,,,4,,,,
LABG_0075,Lactiplantibacillus kimchii,Lactiplantibacillus kimchii,Lactiplantibacillus,GCF_002970935.1,GCF_002970935.1.fna,core_LAB,False,,,2559736,43.1488,,,,4,,,,
LABG_0076,Lactiplantibacillus plantarum,Lactiplantibacillus plantarum,Lactiplantibacillus,GCF_003020005.1,GCF_003020005.1.fna,core_LAB,False,,,3412154,44.3828,,,,7,,,,
LABG_0077,Lactiplantibacillus plantarum,Lactiplantibacillus plantarum,Lactiplantibacillus,GCF_003097595.1,GCF_003097595.1.fna,core_LAB,False,,,3447624,44.337,,,,8,,,,
LABG_0078,Lactiplantibacillus plantarum,Lactiplantibacillus plantarum,Lactiplantibacillus,GCF_003143915.1,GCF_003143915.1.fna,core_LAB,False,,,3230597,44.5373,,,,2,,,,
LABG_0079,Lactiplantibacillus plantarum,Lactiplantibacillus plantarum,Lactiplantibacillus,GCF_003269405.1,GCF_003269405.1.fna,core_LAB,False,,,3231249,44.5629,,,,1,,,,
LABG_0080,Lactiplantibacillus plantarum,Lactiplantibacillus plantarum,Lactiplantibacillus,GCF_003286955.1,GCF_003286955.1.fna,core_LAB,False,,,3250749,44.5419,,,,3,,,,
LABG_0081,Lactiplantibacillus plantarum,Lactiplantibacillus plantarum,Lactiplantibacillus,GCF_003325395.1,GCF_003325395.1.fna,core_LAB,False,,,3191992,44.6263,,,,3,,,,
LABG_0082,Lactiplantibacillus plantarum,Lactiplantibacillus plantarum,Lactiplantibacillus,GCF_003345375.1,GCF_003345375.1.fna,core_LAB,False,,,3387168,44.321,,,,2,,,,
LABG_0083,Lactiplantibacillus plantarum,Lactiplantibacillus plantarum,Lactiplantibacillus,GCF_003352125.1,GCF_003352125.1.fna,core_LAB,False,,,3211268,44.6375,,,,1,,,,
LABG_0084,Lactiplantibacillus plantarum,Lactiplantibacillus plantarum,Lactiplantibacillus,GCF_003428355.1,GCF_003428355.1.fna,core_LAB,False,,,3242652,44.5187,,,,1,,,,
LABG_0085,Lactiplantibacillus plantarum,Lactiplantibacillus plantarum,Lactiplantibacillus,GCF_003586485.1,GCF_003586485.1.fna,core_LAB,False,,,3230619,44.5374,,,,2,,,,
LABG_0086,Lactiplantibacillus plantarum,Lactiplantibacillus plantarum,Lactiplantibacillus,GCF_003589725.1,GCF_003589725.1.fna,core_LAB,False,,,3412302,44.3269,,,,4,,,,
LABG_0087,Lactiplantibacillus plantarum,Lactiplantibacillus plantarum,Lactiplantibacillus,GCF_003597595.1,GCF_003597595.1.fna,core_LAB,False,,,3262505,44.4969,,,,2,,,,
LABG_0088,Lactiplantibacillus plantarum,Lactiplantibacillus plantarum,Lactiplantibacillus,GCF_003597615.1,GCF_003597615.1.fna,core_LAB,False,,,3275764,44.5045,,,,2,,,,
LABG_0089,Lactiplantibacillus plantarum,Lactiplantibacillus plantarum,Lactiplantibacillus,GCF_003597635.1,GCF_003597635.1.fna,core_LAB,False,,,3175098,45.0954,,,,4,,,,
LABG_0090,Lactiplantibacillus plantarum,Lactiplantibacillus plantarum,Lactiplantibacillus,GCF_003611015.1,GCF_003611015.1.fna,core_LAB,False,,,3216285,44.5276,,,,6,,,,
LABG_0091,Lactiplantibacillus pentosus,Lactiplantibacillus pentosus,Lactiplantibacillus,GCF_003627295.1,GCF_003627295.1.fna,core_LAB,False,,,3701596,46.1468,,,,5,,,,
LABG_0092,Lactiplantibacillus plantarum,Lactiplantibacillus plantarum,Lactiplantibacillus,GCF_003627335.1,GCF_003627335.1.fna,core_LAB,False,,,3434010,44.2562,,,,6,,,,
LABG_0093,Lactiplantibacillus plantarum,Lactiplantibacillus plantarum,Lactiplantibacillus,GCF_003627355.1,GCF_003627355.1.fna,core_LAB,False,,,3303780,44.5035,,,,4,,,,
LABG_0094,Lactiplantibacillus pentosus,Lactiplantibacillus pentosus,Lactiplantibacillus,GCF_003627375.1,GCF_003627375.1.fna,core_LAB,False,,,3687169,46.1927,,,,4,,,,
LABG_0095,Lactiplantibacillus paraplantarum,Lactiplantibacillus paraplantarum,Lactiplantibacillus,GCF_003641145.1,GCF_003641145.1.fna,core_LAB,False,,,3368529,43.8578,,,,7,,,,
LABG_0096,Lactiplantibacillus argentoratensis,Lactiplantibacillus argentoratensis,Lactiplantibacillus,GCF_003641165.1,GCF_003641165.1.fna,core_LAB,False,,,3350338,44.9703,,,,6,,,,
LABG_0097,Lactiplantibacillus pentosus,Lactiplantibacillus pentosus,Lactiplantibacillus,GCF_003641185.1,GCF_003641185.1.fna,core_LAB,False,,,3671373,46.3355,,,,2,,,,
LABG_0098,Lactiplantibacillus plantarum,Lactiplantibacillus plantarum,Lactiplantibacillus,GCF_003813125.1,GCF_003813125.1.fna,core_LAB,False,,,3281039,44.5091,,,,5,,,,
LABG_0099,Lactiplantibacillus plantarum,Lactiplantibacillus plantarum,Lactiplantibacillus,GCF_003966855.1,GCF_003966855.1.fna,core_LAB,False,,,3415192,44.2715,,,,5,,,,
LABG_0100,Lactiplantibacillus plantarum,Lactiplantibacillus plantarum,Lactiplantibacillus,GCF_003999275.1,GCF_003999275.1.fna,core_LAB,False,,,3232240,44.6037,,,,1,,,,
LABG_0101,Lactiplantibacillus plantarum,Lactiplantibacillus plantarum,Lactiplantibacillus,GCF_003999605.1,GCF_003999605.1.fna,core_LAB,False,,,2981934,44.8705,,,,5,,,,
LABG_0102,Lactiplantibacillus plantarum,Lactiplantibacillus plantarum,Lactiplantibacillus,GCF_004028295.1,GCF_004028295.1.fna,core_LAB,False,,,3249304,44.5181,,,,6,,,,
LABG_0103,Lactiplantibacillus plantarum,Lactiplantibacillus plantarum,Lactiplantibacillus,GCF_004028315.1,GCF_004028315.1.fna,core_LAB,False,,,3273679,44.4894,,,,7,,,,
LABG_0104,Lactiplantibacillus plantarum,Lactiplantibacillus plantarum,Lactiplantibacillus,GCF_004028335.1,GCF_004028335.1.fna,core_LAB,False,,,3403608,44.3964,,,,8,,,,
LABG_0105,Lactiplantibacillus plantarum,Lactiplantibacillus plantarum,Lactiplantibacillus,GCF_004087995.1,GCF_004087995.1.fna,core_LAB,False,,,3448313,44.2748,,,,6,,,,
LABG_0106,Lactiplantibacillus plantarum,Lactiplantibacillus plantarum,Lactiplantibacillus,GCF_004101325.1,GCF_004101325.1.fna,core_LAB,False,,,3441456,44.3382,,,,5,,,,
LABG_0107,Lactiplantibacillus plantarum,Lactiplantibacillus plantarum,Lactiplantibacillus,GCF_004101505.1,GCF_004101505.1.fna,core_LAB,False,,,3543241,44.2891,,,,5,,,,
LABG_0108,Lactiplantibacillus plantarum,Lactiplantibacillus plantarum,Lactiplantibacillus,GCF_004101545.1,GCF_004101545.1.fna,core_LAB,False,,,3276501,44.5555,,,,3,,,,
LABG_0109,Lactiplantibacillus plantarum,Lactiplantibacillus plantarum,Lactiplantibacillus,GCF_004101625.1,GCF_004101625.1.fna,core_LAB,False,,,3320714,44.3846,,,,6,,,,
LABG_0110,Lactiplantibacillus plantarum,Lactiplantibacillus plantarum,Lactiplantibacillus,GCF_004101645.1,GCF_004101645.1.fna,core_LAB,False,,,3480687,44.309,,,,5,,,,
LABG_0111,Lactiplantibacillus plantarum,Lactiplantibacillus plantarum,Lactiplantibacillus,GCF_004103495.1,GCF_004103495.1.fna,core_LAB,False,,,3301805,44.4655,,,,1,,,,
LABG_0112,Lactiplantibacillus plantarum,Lactiplantibacillus plantarum,Lactiplantibacillus,GCF_004103515.1,GCF_004103515.1.fna,core_LAB,False,,,3316671,44.4318,,,,2,,,,
LABG_0113,Lactiplantibacillus plantarum,Lactiplantibacillus plantarum,Lactiplantibacillus,GCF_004141755.1,GCF_004141755.1.fna,core_LAB,False,,,3329372,44.4027,,,,7,,,,
LABG_0114,Lactiplantibacillus plantarum,Lactiplantibacillus plantarum,Lactiplantibacillus,GCF_004141875.1,GCF_004141875.1.fna,core_LAB,False,,,3388332,44.3469,,,,5,,,,
LABG_0115,Lactiplantibacillus plantarum,Lactiplantibacillus plantarum,Lactiplantibacillus,GCF_004141895.1,GCF_004141895.1.fna,core_LAB,False,,,3301393,44.2462,,,,5,,,,
LABG_0116,Lactiplantibacillus plantarum,Lactiplantibacillus plantarum,Lactiplantibacillus,GCF_004319665.1,GCF_004319665.1.fna,core_LAB,False,,,3378627,44.3737,,,,6,,,,
LABG_0117,Lactiplantibacillus plantarum,Lactiplantibacillus plantarum,Lactiplantibacillus,GCF_004328745.1,GCF_004328745.1.fna,core_LAB,False,,,3217131,44.5268,,,,6,,,,
LABG_0118,Lactiplantibacillus plantarum,Lactiplantibacillus plantarum,Lactiplantibacillus,GCF_004337615.1,GCF_004337615.1.fna,core_LAB,False,,,3649371,44.1111,,,,11,,,,
LABG_0119,Lactiplantibacillus plantarum,Lactiplantibacillus plantarum,Lactiplantibacillus,GCF_004730965.1,GCF_004730965.1.fna,core_LAB,False,,,3534932,44.2442,,,,1,,,,
LABG_0120,Lactiplantibacillus plantarum,Lactiplantibacillus plantarum,Lactiplantibacillus,GCF_005576935.1,GCF_005576935.1.fna,core_LAB,False,,,3380674,44.3389,,,,4,,,,
LABG_0121,Lactiplantibacillus plantarum,Lactiplantibacillus plantarum,Lactiplantibacillus,GCF_006770485.1,GCF_006770485.1.fna,core_LAB,False,,,3303360,44.4651,,,,3,,,,
LABG_0122,Lactiplantibacillus plantarum,Lactiplantibacillus plantarum,Lactiplantibacillus,GCF_006770505.1,GCF_006770505.1.fna,core_LAB,False,,,3259255,44.472,,,,2,,,,
LABG_0123,Lactiplantibacillus plantarum,Lactiplantibacillus plantarum,Lactiplantibacillus,GCF_007833595.1,GCF_007833595.1.fna,core_LAB,False,,,3306722,44.4975,,,,2,,,,
LABG_0124,Lactiplantibacillus plantarum,Lactiplantibacillus plantarum,Lactiplantibacillus,GCF_009619495.1,GCF_009619495.1.fna,core_LAB,False,,,3333531,44.4664,,,,3,,,,
LABG_0125,Lactiplantibacillus plantarum,Lactiplantibacillus plantarum,Lactiplantibacillus,GCF_009720585.1,GCF_009720585.1.fna,core_LAB,False,,,3382104,44.4001,,,,4,,,,
LABG_0126,Lactiplantibacillus plantarum,Lactiplantibacillus plantarum,Lactiplantibacillus,GCF_009759825.1,GCF_009759825.1.fna,core_LAB,False,,,3363821,44.363,,,,9,,,,
LABG_0127,Lactiplantibacillus plantarum,Lactiplantibacillus plantarum,Lactiplantibacillus,GCF_009759845.1,GCF_009759845.1.fna,core_LAB,False,,,3238595,44.5728,,,,5,,,,
LABG_0128,Lactiplantibacillus plantarum,Lactiplantibacillus plantarum,Lactiplantibacillus,GCF_009762745.1,GCF_009762745.1.fna,core_LAB,False,,,3332776,44.422,,,,2,,,,
LABG_0129,Lactiplantibacillus plantarum,Lactiplantibacillus plantarum,Lactiplantibacillus,GCF_009913615.1,GCF_009913615.1.fna,core_LAB,False,,,3223642,44.6002,,,,1,,,,
LABG_0130,Lactiplantibacillus plantarum,Lactiplantibacillus plantarum,Lactiplantibacillus,GCF_009913635.1,GCF_009913635.1.fna,core_LAB,False,,,3223644,44.6002,,,,1,,,,
LABG_0131,Lactiplantibacillus plantarum,Lactiplantibacillus plantarum,Lactiplantibacillus,GCF_009913655.1,GCF_009913655.1.fna,core_LAB,False,,,3223643,44.6003,,,,1,,,,
LABG_0132,Lactiplantibacillus plantarum,Lactiplantibacillus plantarum,Lactiplantibacillus,GCF_009913675.1,GCF_009913675.1.fna,core_LAB,False,,,3478302,44.252,,,,7,,,,
LABG_0133,Lactiplantibacillus plantarum,Lactiplantibacillus plantarum,Lactiplantibacillus,GCF_009913695.1,GCF_009913695.1.fna,core_LAB,False,,,3344317,44.4278,,,,4,,,,
LABG_0134,Lactiplantibacillus plantarum,Lactiplantibacillus plantarum,Lactiplantibacillus,GCF_009913835.1,GCF_009913835.1.fna,core_LAB,False,,,3358114,44.4339,,,,6,,,,
LABG_0135,Lactiplantibacillus plantarum,Lactiplantibacillus plantarum,Lactiplantibacillus,GCF_009913855.1,GCF_009913855.1.fna,core_LAB,False,,,3416247,44.3386,,,,6,,,,
LABG_0136,Lactiplantibacillus plantarum,Lactiplantibacillus plantarum,Lactiplantibacillus,GCF_009913975.1,GCF_009913975.1.fna,core_LAB,False,,,3377893,44.4118,,,,3,,,,
LABG_0137,Lactiplantibacillus plantarum,Lactiplantibacillus plantarum,Lactiplantibacillus,GCF_009914095.1,GCF_009914095.1.fna,core_LAB,False,,,3410777,44.4086,,,,5,,,,
LABG_0138,Lactiplantibacillus plantarum,Lactiplantibacillus plantarum,Lactiplantibacillus,GCF_009937825.1,GCF_009937825.1.fna,core_LAB,False,,,3272716,44.3862,,,,6,,,,
LABG_0139,Lactiplantibacillus plantarum,Lactiplantibacillus plantarum,Lactiplantibacillus,GCF_010092485.1,GCF_010092485.1.fna,core_LAB,False,,,3348896,44.4351,,,,3,,,,
LABG_0140,Lactiplantibacillus plantarum,Lactiplantibacillus plantarum,Lactiplantibacillus,GCF_010586945.1,GCF_010586945.1.fna,core_LAB,False,,,3356433,44.3521,,,,2,,,,
LABG_0141,Lactiplantibacillus plantarum,Lactiplantibacillus plantarum,Lactiplantibacillus,GCF_011022295.1,GCF_011022295.1.fna,core_LAB,False,,,3243828,44.5435,,,,5,,,,
LABG_0142,Lactiplantibacillus plantarum,Lactiplantibacillus plantarum,Lactiplantibacillus,GCF_011304595.2,GCF_011304595.2.fna,core_LAB,False,,,3427903,44.4677,,,,6,,,,
LABG_0143,Lactiplantibacillus plantarum,Lactiplantibacillus plantarum,Lactiplantibacillus,GCF_012109355.1,GCF_012109355.1.fna,core_LAB,False,,,3253666,44.4618,,,,5,,,,
LABG_0144,Lactiplantibacillus plantarum,Lactiplantibacillus plantarum,Lactiplantibacillus,GCF_012974545.1,GCF_012974545.1.fna,core_LAB,False,,,3227194,44.5902,,,,1,,,,
LABG_0145,Lactiplantibacillus paraplantarum,Lactiplantibacillus paraplantarum,Lactiplantibacillus,GCF_013113675.1,GCF_013113675.1.fna,core_LAB,False,,,3289751,43.842,,,,6,,,,
LABG_0146,Lactiplantibacillus plantarum,Lactiplantibacillus plantarum,Lactiplantibacillus,GCF_013155145.1,GCF_013155145.1.fna,core_LAB,False,,,3327596,44.2616,,,,1,,,,
LABG_0147,Lactiplantibacillus plantarum,Lactiplantibacillus plantarum,Lactiplantibacillus,GCF_013256965.1,GCF_013256965.1.fna,core_LAB,False,,,3230201,44.5154,,,,3,,,,
LABG_0148,Lactiplantibacillus plantarum,Lactiplantibacillus plantarum,Lactiplantibacillus,GCF_013305265.1,GCF_013305265.1.fna,core_LAB,False,,,3264501,44.4659,,,,5,,,,
LABG_0149,Lactiplantibacillus plantarum,Lactiplantibacillus plantarum,Lactiplantibacillus,GCF_013367715.1,GCF_013367715.1.fna,core_LAB,False,,,3366732,44.3887,,,,3,,,,
LABG_0150,Lactiplantibacillus plantarum,Lactiplantibacillus plantarum,Lactiplantibacillus,GCF_013458335.1,GCF_013458335.1.fna,core_LAB,False,,,3364901,44.3095,,,,3,,,,
LABG_0151,Lactiplantibacillus plantarum,Lactiplantibacillus plantarum,Lactiplantibacillus,GCF_013487805.1,GCF_013487805.1.fna,core_LAB,False,,,3470030,44.3415,,,,3,,,,
LABG_0152,Lactiplantibacillus plantarum,Lactiplantibacillus plantarum,Lactiplantibacillus,GCF_013694305.1,GCF_013694305.1.fna,core_LAB,False,,,3206342,44.5273,,,,1,,,,
LABG_0153,Lactiplantibacillus plantarum,Lactiplantibacillus plantarum,Lactiplantibacillus,GCF_014041895.1,GCF_014041895.1.fna,core_LAB,False,,,3231383,44.5629,,,,1,,,,
LABG_0154,Lactiplantibacillus plantarum,Lactiplantibacillus plantarum,Lactiplantibacillus,GCF_014084065.1,GCF_014084065.1.fna,core_LAB,False,,,3323585,44.381,,,,6,,,,
LABG_0155,Lactiplantibacillus plantarum,Lactiplantibacillus plantarum,Lactiplantibacillus,GCF_014131735.1,GCF_014131735.1.fna,core_LAB,False,,,3250154,44.5004,,,,2,,,,
LABG_0156,Lactiplantibacillus plantarum,Lactiplantibacillus plantarum,Lactiplantibacillus,GCF_014840995.1,GCF_014840995.1.fna,core_LAB,False,,,3317677,44.4059,,,,3,,,,
LABG_0157,Lactiplantibacillus plantarum,Lactiplantibacillus plantarum,Lactiplantibacillus,GCF_015377525.1,GCF_015377525.1.fna,core_LAB,False,,,3210841,44.6393,,,,3,,,,
LABG_0158,Lactiplantibacillus plantarum,Lactiplantibacillus plantarum,Lactiplantibacillus,GCF_015693925.1,GCF_015693925.1.fna,core_LAB,False,,,3304282,44.5557,,,,1,,,,
LABG_0159,Lactiplantibacillus plantarum,Lactiplantibacillus plantarum,Lactiplantibacillus,GCF_016066915.1,GCF_016066915.1.fna,core_LAB,False,,,3433913,44.1636,,,,18,,,,
LABG_0160,Lactiplantibacillus plantarum,Lactiplantibacillus plantarum,Lactiplantibacillus,GCF_016415605.1,GCF_016415605.1.fna,core_LAB,False,,,3333809,44.4175,,,,5,,,,
LABG_0161,Lactiplantibacillus plantarum,Lactiplantibacillus plantarum,Lactiplantibacillus,GCF_016598735.1,GCF_016598735.1.fna,core_LAB,False,,,3450683,44.1476,,,,14,,,,
LABG_0162,Lactiplantibacillus plantarum,Lactiplantibacillus plantarum,Lactiplantibacillus,GCF_016775685.1,GCF_016775685.1.fna,core_LAB,False,,,3269258,44.4965,,,,6,,,,
LABG_0163,Lactiplantibacillus plantarum,Lactiplantibacillus plantarum,Lactiplantibacillus,GCF_016812075.1,GCF_016812075.1.fna,core_LAB,False,,,3411020,44.4473,,,,2,,,,
LABG_0164,Lactiplantibacillus plantarum,Lactiplantibacillus plantarum,Lactiplantibacillus,GCF_016838645.1,GCF_016838645.1.fna,core_LAB,False,,,3418157,44.2426,,,,6,,,,
LABG_0165,Lactiplantibacillus plantarum,Lactiplantibacillus plantarum,Lactiplantibacillus,GCF_016894405.1,GCF_016894405.1.fna,core_LAB,False,,,3366401,44.3892,,,,7,,,,
LABG_0166,Lactiplantibacillus plantarum,Lactiplantibacillus plantarum,Lactiplantibacillus,GCF_017301935.1,GCF_017301935.1.fna,core_LAB,False,,,3310911,44.4881,,,,2,,,,
LABG_0167,Lactiplantibacillus plantarum,Lactiplantibacillus plantarum,Lactiplantibacillus,GCF_017351995.1,GCF_017351995.1.fna,core_LAB,False,,,3364024,44.4529,,,,5,,,,
LABG_0168,Lactiplantibacillus plantarum,Lactiplantibacillus plantarum,Lactiplantibacillus,GCF_017576965.1,GCF_017576965.1.fna,core_LAB,False,,,3274275,44.4657,,,,7,,,,
LABG_0169,Lactiplantibacillus plantarum,Lactiplantibacillus plantarum,Lactiplantibacillus,GCF_017742875.1,GCF_017742875.1.fna,core_LAB,False,,,3249803,44.4918,,,,1,,,,
LABG_0170,Lactiplantibacillus plantarum,Lactiplantibacillus plantarum,Lactiplantibacillus,GCF_017798305.1,GCF_017798305.1.fna,core_LAB,False,,,3344312,44.4278,,,,2,,,,
LABG_0171,Lactiplantibacillus plantarum,Lactiplantibacillus plantarum,Lactiplantibacillus,GCF_018351295.1,GCF_018351295.1.fna,core_LAB,False,,,3353701,44.3509,,,,3,,,,
LABG_0172,Lactiplantibacillus plantarum,Lactiplantibacillus plantarum,Lactiplantibacillus,GCF_018588605.2,GCF_018588605.2.fna,core_LAB,False,,,3510837,44.3495,,,,11,,,,
LABG_0173,Lactiplantibacillus plantarum,Lactiplantibacillus plantarum,Lactiplantibacillus,GCF_018588615.2,GCF_018588615.2.fna,core_LAB,False,,,3294393,44.4954,,,,2,,,,
LABG_0174,Lactiplantibacillus plantarum,Lactiplantibacillus plantarum,Lactiplantibacillus,GCF_018588665.2,GCF_018588665.2.fna,core_LAB,False,,,3294048,44.4944,,,,2,,,,
LABG_0175,Lactiplantibacillus plantarum,Lactiplantibacillus plantarum,Lactiplantibacillus,GCF_019076805.1,GCF_019076805.1.fna,core_LAB,False,,,3209835,44.6023,,,,2,,,,
LABG_0176,Lactiplantibacillus plantarum,Lactiplantibacillus plantarum,Lactiplantibacillus,GCF_019211765.1,GCF_019211765.1.fna,core_LAB,False,,,3305675,44.5027,,,,3,,,,
LABG_0177,Lactiplantibacillus plantarum,Lactiplantibacillus plantarum,Lactiplantibacillus,GCF_019211785.1,GCF_019211785.1.fna,core_LAB,False,,,3331790,44.4687,,,,4,,,,
LABG_0178,Lactiplantibacillus plantarum,Lactiplantibacillus plantarum,Lactiplantibacillus,GCF_019321805.1,GCF_019321805.1.fna,core_LAB,False,,,3359746,44.3942,,,,5,,,,
LABG_0179,Lactiplantibacillus plantarum,Lactiplantibacillus plantarum,Lactiplantibacillus,GCF_019399915.1,GCF_019399915.1.fna,core_LAB,False,,,3270949,44.5252,,,,6,,,,
LABG_0180,Lactiplantibacillus plantarum,Lactiplantibacillus plantarum,Lactiplantibacillus,GCF_019425695.1,GCF_019425695.1.fna,core_LAB,False,,,3217574,44.6304,,,,1,,,,
LABG_0181,Lactiplantibacillus plantarum,Lactiplantibacillus plantarum,Lactiplantibacillus,GCF_019469465.1,GCF_019469465.1.fna,core_LAB,False,,,3079648,44.9091,,,,1,,,,
LABG_0182,Lactiplantibacillus plantarum,Lactiplantibacillus plantarum,Lactiplantibacillus,GCF_020881935.1,GCF_020881935.1.fna,core_LAB,False,,,3427633,44.3069,,,,4,,,,
LABG_0183,Lactiplantibacillus plantarum,Lactiplantibacillus plantarum,Lactiplantibacillus,GCF_021279005.2,GCF_021279005.2.fna,core_LAB,False,,,3234271,44.545,,,,1,,,,
LABG_0184,Lactiplantibacillus plantarum,Lactiplantibacillus plantarum,Lactiplantibacillus,GCF_021559675.1,GCF_021559675.1.fna,core_LAB,False,,,3388042,44.4102,,,,7,,,,
LABG_0185,Lactiplantibacillus plantarum,Lactiplantibacillus plantarum,Lactiplantibacillus,GCF_021559915.1,GCF_021559915.1.fna,core_LAB,False,,,3218982,44.5265,,,,7,,,,
LABG_0186,Lactiplantibacillus plantarum,Lactiplantibacillus plantarum,Lactiplantibacillus,GCF_021560135.1,GCF_021560135.1.fna,core_LAB,False,,,3255228,44.619,,,,1,,,,
LABG_0187,Lactiplantibacillus plantarum,Lactiplantibacillus plantarum,Lactiplantibacillus,GCF_021650875.1,GCF_021650875.1.fna,core_LAB,False,,,3305676,44.5026,,,,3,,,,
LABG_0188,Lactiplantibacillus paraplantarum,Lactiplantibacillus paraplantarum,Lactiplantibacillus,GCF_021869545.1,GCF_021869545.1.fna,core_LAB,False,,,3302590,43.8207,,,,6,,,,
LABG_0189,Lactiplantibacillus plantarum,Lactiplantibacillus plantarum,Lactiplantibacillus,GCF_022558425.1,GCF_022558425.1.fna,core_LAB,False,,,3320817,44.3663,,,,8,,,,
LABG_0190,Lactiplantibacillus plantarum,Lactiplantibacillus plantarum,Lactiplantibacillus,GCF_022810685.1,GCF_022810685.1.fna,core_LAB,False,,,3213962,44.5075,,,,4,,,,
LABG_0191,Lactiplantibacillus plantarum,Lactiplantibacillus plantarum,Lactiplantibacillus,GCF_023207995.1,GCF_023207995.1.fna,core_LAB,False,,,3311099,44.4873,,,,2,,,,
LABG_0192,Lactiplantibacillus plantarum,Lactiplantibacillus plantarum,Lactiplantibacillus,GCF_023278325.1,GCF_023278325.1.fna,core_LAB,False,,,3287185,44.5103,,,,7,,,,
LABG_0193,Lactiplantibacillus plantarum,Lactiplantibacillus plantarum,Lactiplantibacillus,GCF_023347215.1,GCF_023347215.1.fna,core_LAB,False,,,3197704,44.6045,,,,9,,,,
LABG_0194,Lactiplantibacillus plantarum,Lactiplantibacillus plantarum,Lactiplantibacillus,GCF_023348385.1,GCF_023348385.1.fna,core_LAB,False,,,3275253,44.4851,,,,1,,,,
LABG_0195,Lactiplantibacillus plantarum,Lactiplantibacillus plantarum,Lactiplantibacillus,GCF_023348465.1,GCF_023348465.1.fna,core_LAB,False,,,3206211,44.6245,,,,1,,,,
LABG_0196,Lactiplantibacillus plantarum,Lactiplantibacillus plantarum,Lactiplantibacillus,GCF_023348525.1,GCF_023348525.1.fna,core_LAB,False,,,3272989,44.5996,,,,1,,,,
LABG_0197,Lactiplantibacillus plantarum,Lactiplantibacillus plantarum,Lactiplantibacillus,GCF_023370155.1,GCF_023370155.1.fna,core_LAB,False,,,3314958,44.4286,,,,6,,,,
LABG_0198,Lactiplantibacillus pentosus,Lactiplantibacillus pentosus,Lactiplantibacillus,GCF_023823145.1,GCF_023823145.1.fna,core_LAB,False,,,3812583,46.0928,,,,7,,,,
LABG_0199,Lactiplantibacillus pentosus,Lactiplantibacillus pentosus,Lactiplantibacillus,GCF_023972895.1,GCF_023972895.1.fna,core_LAB,False,,,3860943,45.9886,,,,5,,,,
LABG_0200,Lactiplantibacillus plantarum,Lactiplantibacillus plantarum,Lactiplantibacillus,GCF_023973045.1,GCF_023973045.1.fna,core_LAB,False,,,3333079,44.422,,,,2,,,,
LABG_0201,Lactiplantibacillus plantarum,Lactiplantibacillus plantarum,Lactiplantibacillus,GCF_024137845.1,GCF_024137845.1.fna,core_LAB,False,,,3197299,44.5899,,,,1,,,,
LABG_0202,Lactiplantibacillus plantarum,Lactiplantibacillus plantarum,Lactiplantibacillus,GCF_024137985.1,GCF_024137985.1.fna,core_LAB,False,,,3450583,44.3882,,,,6,,,,
LABG_0203,Lactiplantibacillus plantarum,Lactiplantibacillus plantarum,Lactiplantibacillus,GCF_024181685.1,GCF_024181685.1.fna,core_LAB,False,,,3314193,44.3156,,,,10,,,,
LABG_0204,Lactiplantibacillus plantarum,Lactiplantibacillus plantarum,Lactiplantibacillus,GCF_024181705.1,GCF_024181705.1.fna,core_LAB,False,,,3482523,44.3772,,,,9,,,,
LABG_0205,Lactiplantibacillus plantarum,Lactiplantibacillus plantarum,Lactiplantibacillus,GCF_024396815.1,GCF_024396815.1.fna,core_LAB,False,,,3298330,44.5087,,,,3,,,,
LABG_0206,Lactiplantibacillus plantarum,Lactiplantibacillus plantarum,Lactiplantibacillus,GCF_024442115.1,GCF_024442115.1.fna,core_LAB,False,,,3303421,44.5644,,,,2,,,,
LABG_0207,Lactiplantibacillus plantarum,Lactiplantibacillus plantarum,Lactiplantibacillus,GCF_024732385.1,GCF_024732385.1.fna,core_LAB,False,,,3197263,44.59,,,,1,,,,
LABG_0208,Lactiplantibacillus plantarum,Lactiplantibacillus plantarum,Lactiplantibacillus,GCF_024758665.1,GCF_024758665.1.fna,core_LAB,False,,,3303475,44.5293,,,,2,,,,
LABG_0209,Lactiplantibacillus plantarum,Lactiplantibacillus plantarum,Lactiplantibacillus,GCF_024758745.1,GCF_024758745.1.fna,core_LAB,False,,,3267389,44.4878,,,,2,,,,
LABG_0210,Lactiplantibacillus plantarum,Lactiplantibacillus plantarum,Lactiplantibacillus,GCF_024800605.1,GCF_024800605.1.fna,core_LAB,False,,,3263453,44.5217,,,,1,,,,
LABG_0211,Lactiplantibacillus plantarum,Lactiplantibacillus plantarum,Lactiplantibacillus,GCF_024969715.1,GCF_024969715.1.fna,core_LAB,False,,,3255705,44.5064,,,,1,,,,
LABG_0212,Lactiplantibacillus plantarum,Lactiplantibacillus plantarum,Lactiplantibacillus,GCF_024969905.1,GCF_024969905.1.fna,core_LAB,False,,,3263539,44.522,,,,1,,,,
LABG_0213,Lactiplantibacillus plantarum,Lactiplantibacillus plantarum,Lactiplantibacillus,GCF_024970125.1,GCF_024970125.1.fna,core_LAB,False,,,3255701,44.5064,,,,1,,,,
LABG_0214,Lactiplantibacillus plantarum,Lactiplantibacillus plantarum,Lactiplantibacillus,GCF_024970145.1,GCF_024970145.1.fna,core_LAB,False,,,3255701,44.5064,,,,1,,,,
LABG_0215,Lactiplantibacillus plantarum,Lactiplantibacillus plantarum,Lactiplantibacillus,GCF_024970165.1,GCF_024970165.1.fna,core_LAB,False,,,3226393,44.5969,,,,1,,,,
LABG_0216,Lactiplantibacillus plantarum,Lactiplantibacillus plantarum,Lactiplantibacillus,GCF_025144505.1,GCF_025144505.1.fna,core_LAB,False,,,3322298,44.5056,,,,1,,,,
LABG_0217,Lactiplantibacillus pentosus,Lactiplantibacillus pentosus,Lactiplantibacillus,GCF_025398935.1,GCF_025398935.1.fna,core_LAB,False,,,3583752,46.3471,,,,6,,,,
LABG_0218,Lactiplantibacillus plantarum,Lactiplantibacillus plantarum,Lactiplantibacillus,GCF_025402835.1,GCF_025402835.1.fna,core_LAB,False,,,3249917,44.5014,,,,2,,,,
LABG_0219,Lactiplantibacillus plantarum,Lactiplantibacillus plantarum,Lactiplantibacillus,GCF_025723165.1,GCF_025723165.1.fna,core_LAB,False,,,3310793,44.4865,,,,2,,,,
LABG_0220,Lactiplantibacillus plantarum,Lactiplantibacillus plantarum,Lactiplantibacillus,GCF_026013765.1,GCF_026013765.1.fna,core_LAB,False,,,3479648,44.2368,,,,7,,,,
LABG_0221,Lactiplantibacillus plantarum,Lactiplantibacillus plantarum,Lactiplantibacillus,GCF_026016545.1,GCF_026016545.1.fna,core_LAB,False,,,3410828,44.3384,,,,8,,,,
LABG_0222,Lactiplantibacillus plantarum,Lactiplantibacillus plantarum,Lactiplantibacillus,GCF_026153115.1,GCF_026153115.1.fna,core_LAB,False,,,3375711,44.4217,,,,3,,,,
LABG_0223,Lactiplantibacillus plantarum,Lactiplantibacillus plantarum,Lactiplantibacillus,GCF_026183415.1,GCF_026183415.1.fna,core_LAB,False,,,3236314,44.5239,,,,3,,,,
LABG_0224,Lactiplantibacillus pentosus,Lactiplantibacillus pentosus,Lactiplantibacillus,GCF_026222675.1,GCF_026222675.1.fna,core_LAB,False,,,3622037,46.4077,,,,1,,,,
LABG_0225,Lactiplantibacillus plantarum,Lactiplantibacillus plantarum,Lactiplantibacillus,GCF_026240755.1,GCF_026240755.1.fna,core_LAB,False,,,3324561,44.5684,,,,3,,,,
LABG_0226,Lactiplantibacillus plantarum,Lactiplantibacillus plantarum,Lactiplantibacillus,GCF_026689375.1,GCF_026689375.1.fna,core_LAB,False,,,3443408,44.3656,,,,9,,,,
LABG_0227,Lactiplantibacillus plantarum,Lactiplantibacillus plantarum,Lactiplantibacillus,GCF_026976315.1,GCF_026976315.1.fna,core_LAB,False,,,3347824,44.4459,,,,4,,,,
LABG_0228,Lactiplantibacillus plantarum,Lactiplantibacillus plantarum,Lactiplantibacillus,GCF_027474465.1,GCF_027474465.1.fna,core_LAB,False,,,3195259,44.535,,,,8,,,,
LABG_0229,Lactiplantibacillus plantarum,Lactiplantibacillus plantarum,Lactiplantibacillus,GCF_027557615.1,GCF_027557615.1.fna,core_LAB,False,,,3304210,44.5559,,,,1,,,,
LABG_0230,Lactiplantibacillus plantarum,Lactiplantibacillus plantarum,Lactiplantibacillus,GCF_027558615.1,GCF_027558615.1.fna,core_LAB,False,,,3267994,44.4883,,,,2,,,,
LABG_0231,Lactiplantibacillus plantarum,Lactiplantibacillus plantarum,Lactiplantibacillus,GCF_027920405.1,GCF_027920405.1.fna,core_LAB,False,,,3212787,44.622,,,,4,,,,
LABG_0232,Lactiplantibacillus plantarum,Lactiplantibacillus plantarum,Lactiplantibacillus,GCF_028201575.1,GCF_028201575.1.fna,core_LAB,False,,,3312044,44.3822,,,,4,,,,
LABG_0233,Lactiplantibacillus plantarum,Lactiplantibacillus plantarum,Lactiplantibacillus,GCF_028463965.1,GCF_028463965.1.fna,core_LAB,False,,,3274303,44.4714,,,,6,,,,
LABG_0234,Lactiplantibacillus plantarum,Lactiplantibacillus plantarum,Lactiplantibacillus,GCF_028768485.1,GCF_028768485.1.fna,core_LAB,False,,,3248753,44.5399,,,,1,,,,
LABG_0235,Lactiplantibacillus plantarum,Lactiplantibacillus plantarum,Lactiplantibacillus,GCF_028869445.1,GCF_028869445.1.fna,core_LAB,False,,,3394761,44.3432,,,,4,,,,
LABG_0236,Lactiplantibacillus paraplantarum,Lactiplantibacillus paraplantarum,Lactiplantibacillus,GCF_029025825.1,GCF_029025825.1.fna,core_LAB,False,,,3245144,43.808,,,,2,,,,
LABG_0237,Lactiplantibacillus paraplantarum,Lactiplantibacillus paraplantarum,Lactiplantibacillus,GCF_029391915.1,GCF_029391915.1.fna,core_LAB,False,,,3168911,43.9264,,,,3,,,,
LABG_0238,Lactiplantibacillus plantarum,Lactiplantibacillus plantarum,Lactiplantibacillus,GCF_029542245.1,GCF_029542245.1.fna,core_LAB,False,,,3290693,44.4407,,,,1,,,,
LABG_0239,Lactiplantibacillus plantarum,Lactiplantibacillus plantarum,Lactiplantibacillus,GCF_029543005.1,GCF_029543005.1.fna,core_LAB,False,,,3254586,44.5669,,,,2,,,,
LABG_0240,Lactiplantibacillus plantarum,Lactiplantibacillus plantarum,Lactiplantibacillus,GCF_029590535.1,GCF_029590535.1.fna,core_LAB,False,,,3332087,44.4521,,,,3,,,,
LABG_0241,Lactiplantibacillus plantarum,Lactiplantibacillus plantarum,Lactiplantibacillus,GCF_029637825.1,GCF_029637825.1.fna,core_LAB,False,,,3331743,44.44,,,,8,,,,
LABG_0242,Lactiplantibacillus plantarum,Lactiplantibacillus plantarum,Lactiplantibacillus,GCF_029814785.1,GCF_029814785.1.fna,core_LAB,False,,,3304253,44.5556,,,,1,,,,
LABG_0243,Lactiplantibacillus plantarum,Lactiplantibacillus plantarum,Lactiplantibacillus,GCF_029834415.1,GCF_029834415.1.fna,core_LAB,False,,,3304238,44.5563,,,,1,,,,
LABG_0244,Lactiplantibacillus plantarum,Lactiplantibacillus plantarum,Lactiplantibacillus,GCF_029854235.1,GCF_029854235.1.fna,core_LAB,False,,,3300453,44.5212,,,,2,,,,
LABG_0245,Lactiplantibacillus plantarum,Lactiplantibacillus plantarum,Lactiplantibacillus,GCF_029854315.1,GCF_029854315.1.fna,core_LAB,False,,,3240756,44.5066,,,,5,,,,
LABG_0246,Lactiplantibacillus plantarum,Lactiplantibacillus plantarum,Lactiplantibacillus,GCF_029854335.1,GCF_029854335.1.fna,core_LAB,False,,,3475955,44.4023,,,,8,,,,
LABG_0247,Lactiplantibacillus plantarum,Lactiplantibacillus plantarum,Lactiplantibacillus,GCF_029855105.1,GCF_029855105.1.fna,core_LAB,False,,,3474597,44.2976,,,,3,,,,
LABG_0248,Lactiplantibacillus plantarum,Lactiplantibacillus plantarum,Lactiplantibacillus,GCF_029906425.1,GCF_029906425.1.fna,core_LAB,False,,,3364547,44.1556,,,,4,,,,
LABG_0249,Lactiplantibacillus plantarum,Lactiplantibacillus plantarum,Lactiplantibacillus,GCF_030253605.1,GCF_030253605.1.fna,core_LAB,False,,,3441908,44.3661,,,,3,,,,
LABG_0250,Lactiplantibacillus plantarum,Lactiplantibacillus plantarum,Lactiplantibacillus,GCF_030297695.1,GCF_030297695.1.fna,core_LAB,False,,,3296119,44.4951,,,,1,,,,
LABG_0251,Lactiplantibacillus plantarum,Lactiplantibacillus plantarum,Lactiplantibacillus,GCF_030297735.1,GCF_030297735.1.fna,core_LAB,False,,,3297043,44.4994,,,,2,,,,
LABG_0252,Lactiplantibacillus plantarum,Lactiplantibacillus plantarum,Lactiplantibacillus,GCF_030463605.1,GCF_030463605.1.fna,core_LAB,False,,,3364894,44.3093,,,,3,,,,
LABG_0253,Lactiplantibacillus pentosus,Lactiplantibacillus pentosus,Lactiplantibacillus,GCF_030480485.1,GCF_030480485.1.fna,core_LAB,False,,,3796630,46.1544,,,,9,,,,
LABG_0254,Lactiplantibacillus pentosus,Lactiplantibacillus pentosus,Lactiplantibacillus,GCF_030489685.1,GCF_030489685.1.fna,core_LAB,False,,,3735483,46.3674,,,,5,,,,
LABG_0255,Lactiplantibacillus plantarum,Lactiplantibacillus plantarum,Lactiplantibacillus,GCF_030503695.1,GCF_030503695.1.fna,core_LAB,False,,,3432272,44.3024,,,,5,,,,
LABG_0256,Lactiplantibacillus plantarum,Lactiplantibacillus plantarum,Lactiplantibacillus,GCF_030758995.1,GCF_030758995.1.fna,core_LAB,False,,,3432810,44.3593,,,,5,,,,
LABG_0257,Lactiplantibacillus plantarum,Lactiplantibacillus plantarum,Lactiplantibacillus,GCF_031348585.1,GCF_031348585.1.fna,core_LAB,False,,,3264137,44.5837,,,,1,,,,
LABG_0258,Lactiplantibacillus plantarum,Lactiplantibacillus plantarum,Lactiplantibacillus,GCF_031432955.1,GCF_031432955.1.fna,core_LAB,False,,,3329993,44.4418,,,,3,,,,
LABG_0259,Lactiplantibacillus plantarum,Lactiplantibacillus plantarum,Lactiplantibacillus,GCF_031583165.1,GCF_031583165.1.fna,core_LAB,False,,,3412812,44.3005,,,,9,,,,
LABG_0260,Lactiplantibacillus plantarum,Lactiplantibacillus plantarum,Lactiplantibacillus,GCF_031596315.1,GCF_031596315.1.fna,core_LAB,False,,,3194853,44.6272,,,,3,,,,
LABG_0261,Lactiplantibacillus plantarum,Lactiplantibacillus plantarum,Lactiplantibacillus,GCF_031597175.1,GCF_031597175.1.fna,core_LAB,False,,,3396872,44.3121,,,,3,,,,
LABG_0262,Lactiplantibacillus plantarum,Lactiplantibacillus plantarum,Lactiplantibacillus,GCF_031876755.1,GCF_031876755.1.fna,core_LAB,False,,,2839103,44.9923,,,,1,,,,
LABG_0263,Lactiplantibacillus plantarum,Lactiplantibacillus plantarum,Lactiplantibacillus,GCF_031877725.1,GCF_031877725.1.fna,core_LAB,False,,,3246259,44.5568,,,,1,,,,
LABG_0264,Lactiplantibacillus plantarum,Lactiplantibacillus plantarum,Lactiplantibacillus,GCF_032463565.1,GCF_032463565.1.fna,core_LAB,False,,,3287706,44.4795,,,,4,,,,
LABG_0265,Lactiplantibacillus plantarum,Lactiplantibacillus plantarum,Lactiplantibacillus,GCF_032463585.1,GCF_032463585.1.fna,core_LAB,False,,,3289072,44.4791,,,,5,,,,
LABG_0266,Lactiplantibacillus plantarum,Lactiplantibacillus plantarum,Lactiplantibacillus,GCF_032602185.1,GCF_032602185.1.fna,core_LAB,False,,,3248291,44.4775,,,,4,,,,
LABG_0267,Lactiplantibacillus plantarum,Lactiplantibacillus plantarum,Lactiplantibacillus,GCF_032818175.1,GCF_032818175.1.fna,core_LAB,False,,,3364924,44.3093,,,,3,,,,
LABG_0268,Lactiplantibacillus plantarum,Lactiplantibacillus plantarum,Lactiplantibacillus,GCF_032920365.1,GCF_032920365.1.fna,core_LAB,False,,,3422913,44.3291,,,,4,,,,
LABG_0269,Lactiplantibacillus plantarum,Lactiplantibacillus plantarum,Lactiplantibacillus,GCF_032921125.1,GCF_032921125.1.fna,core_LAB,False,,,3287574,44.5329,,,,5,,,,
LABG_0270,Lactiplantibacillus plantarum,Lactiplantibacillus plantarum,Lactiplantibacillus,GCF_033024555.1,GCF_033024555.1.fna,core_LAB,False,,,3240805,44.5066,,,,1,,,,
LABG_0271,Lactiplantibacillus plantarum,Lactiplantibacillus plantarum,Lactiplantibacillus,GCF_033546835.1,GCF_033546835.1.fna,core_LAB,False,,,3190516,44.6643,,,,2,,,,
LABG_0272,Lactiplantibacillus plantarum,Lactiplantibacillus plantarum,Lactiplantibacillus,GCF_033802745.1,GCF_033802745.1.fna,core_LAB,False,,,3236559,44.5814,,,,2,,,,
LABG_0273,Lactiplantibacillus plantarum,Lactiplantibacillus plantarum,Lactiplantibacillus,GCF_033802805.1,GCF_033802805.1.fna,core_LAB,False,,,3199580,44.6649,,,,1,,,,
LABG_0274,Lactiplantibacillus plantarum,Lactiplantibacillus plantarum,Lactiplantibacillus,GCF_034333585.1,GCF_034333585.1.fna,core_LAB,False,,,3169201,44.5907,,,,6,,,,
LABG_0275,Lactiplantibacillus plantarum,Lactiplantibacillus plantarum,Lactiplantibacillus,GCF_034426955.1,GCF_034426955.1.fna,core_LAB,False,,,3289056,44.473,,,,8,,,,
LABG_0276,Lactiplantibacillus plantarum,Lactiplantibacillus plantarum,Lactiplantibacillus,GCF_035336205.1,GCF_035336205.1.fna,core_LAB,False,,,3353276,44.4511,,,,4,,,,
LABG_0277,Lactiplantibacillus plantarum,Lactiplantibacillus plantarum,Lactiplantibacillus,GCF_035338015.1,GCF_035338015.1.fna,core_LAB,False,,,3431860,44.3384,,,,5,,,,
LABG_0278,Lactiplantibacillus plantarum,Lactiplantibacillus plantarum,Lactiplantibacillus,GCF_035588615.1,GCF_035588615.1.fna,core_LAB,False,,,3362211,44.4068,,,,4,,,,
LABG_0279,Lactiplantibacillus plantarum,Lactiplantibacillus plantarum,Lactiplantibacillus,GCF_036255815.1,GCF_036255815.1.fna,core_LAB,False,,,3308302,44.4669,,,,1,,,,
LABG_0280,Lactiplantibacillus plantarum,Lactiplantibacillus plantarum,Lactiplantibacillus,GCF_036259715.1,GCF_036259715.1.fna,core_LAB,False,,,3333066,44.5129,,,,2,,,,
LABG_0281,Lactiplantibacillus plantarum,Lactiplantibacillus plantarum,Lactiplantibacillus,GCF_036287535.1,GCF_036287535.1.fna,core_LAB,False,,,3125069,44.7559,,,,1,,,,
LABG_0282,Lactiplantibacillus plantarum,Lactiplantibacillus plantarum,Lactiplantibacillus,GCF_036321505.1,GCF_036321505.1.fna,core_LAB,False,,,3337542,44.2468,,,,7,,,,
LABG_0283,Lactiplantibacillus plantarum,Lactiplantibacillus plantarum,Lactiplantibacillus,GCF_036321605.1,GCF_036321605.1.fna,core_LAB,False,,,3290215,44.5323,,,,5,,,,
LABG_0284,Lactiplantibacillus plantarum,Lactiplantibacillus plantarum,Lactiplantibacillus,GCF_036416335.1,GCF_036416335.1.fna,core_LAB,False,,,3225443,44.5475,,,,6,,,,
LABG_0285,Lactiplantibacillus plantarum,Lactiplantibacillus plantarum,Lactiplantibacillus,GCF_036898925.1,GCF_036898925.1.fna,core_LAB,False,,,3274558,44.5192,,,,5,,,,
LABG_0286,Lactiplantibacillus plantarum,Lactiplantibacillus plantarum,Lactiplantibacillus,GCF_037094665.1,GCF_037094665.1.fna,core_LAB,False,,,3369454,44.3735,,,,3,,,,
LABG_0287,Lactiplantibacillus plantarum,Lactiplantibacillus plantarum,Lactiplantibacillus,GCF_037099845.1,GCF_037099845.1.fna,core_LAB,False,,,3392304,44.3594,,,,4,,,,
LABG_0288,Lactiplantibacillus plantarum,Lactiplantibacillus plantarum,Lactiplantibacillus,GCF_037099865.1,GCF_037099865.1.fna,core_LAB,False,,,3298596,44.5272,,,,4,,,,
LABG_0289,Lactiplantibacillus plantarum,Lactiplantibacillus plantarum,Lactiplantibacillus,GCF_037100195.1,GCF_037100195.1.fna,core_LAB,False,,,3235178,44.5874,,,,3,,,,
LABG_0290,Lactiplantibacillus plantarum,Lactiplantibacillus plantarum,Lactiplantibacillus,GCF_037113575.1,GCF_037113575.1.fna,core_LAB,False,,,3254457,44.5665,,,,2,,,,
LABG_0291,Lactiplantibacillus argentoratensis,Lactiplantibacillus argentoratensis,Lactiplantibacillus,GCF_037290055.1,GCF_037290055.1.fna,core_LAB,False,,,3016664,45.4379,,,,1,,,,
LABG_0292,Lactiplantibacillus plantarum,Lactiplantibacillus plantarum,Lactiplantibacillus,GCF_037414365.1,GCF_037414365.1.fna,core_LAB,False,,,3224923,44.611,,,,1,,,,
LABG_0293,Lactiplantibacillus plantarum,Lactiplantibacillus plantarum,Lactiplantibacillus,GCF_037414405.1,GCF_037414405.1.fna,core_LAB,False,,,3259896,44.5489,,,,1,,,,
LABG_0294,Lactiplantibacillus plantarum,Lactiplantibacillus plantarum,Lactiplantibacillus,GCF_037414485.1,GCF_037414485.1.fna,core_LAB,False,,,3329996,44.4417,,,,3,,,,
LABG_0295,Lactiplantibacillus plantarum,Lactiplantibacillus plantarum,Lactiplantibacillus,GCF_037997095.1,GCF_037997095.1.fna,core_LAB,False,,,3378947,44.3553,,,,9,,,,
LABG_0296,Lactiplantibacillus plantarum,Lactiplantibacillus plantarum,Lactiplantibacillus,GCF_038024955.1,GCF_038024955.1.fna,core_LAB,False,,,3371266,44.4132,,,,6,,,,
LABG_0297,Lactiplantibacillus plantarum,Lactiplantibacillus plantarum,Lactiplantibacillus,GCF_038096155.1,GCF_038096155.1.fna,core_LAB,False,,,3368590,44.4241,,,,4,,,,
LABG_0298,Lactiplantibacillus plantarum,Lactiplantibacillus plantarum,Lactiplantibacillus,GCF_038592865.1,GCF_038592865.1.fna,core_LAB,False,,,3287922,44.5236,,,,1,,,,
LABG_0299,Lactiplantibacillus paraplantarum,Lactiplantibacillus paraplantarum,Lactiplantibacillus,GCF_038592875.1,GCF_038592875.1.fna,core_LAB,False,,,3270438,43.8163,,,,3,,,,
LABG_0300,Lactiplantibacillus plantarum,Lactiplantibacillus plantarum,Lactiplantibacillus,GCF_038743365.1,GCF_038743365.1.fna,core_LAB,False,,,3329879,44.4701,,,,2,,,,
LABG_0301,Lactiplantibacillus plantarum,Lactiplantibacillus plantarum,Lactiplantibacillus,GCF_039725565.1,GCF_039725565.1.fna,core_LAB,False,,,3427597,44.3257,,,,3,,,,
LABG_0302,Lactiplantibacillus plantarum,Lactiplantibacillus plantarum,Lactiplantibacillus,GCF_039954855.1,GCF_039954855.1.fna,core_LAB,False,,,3310847,44.4861,,,,2,,,,
LABG_0303,Lactiplantibacillus plantarum,Lactiplantibacillus plantarum,Lactiplantibacillus,GCF_040268325.1,GCF_040268325.1.fna,core_LAB,False,,,3239055,44.6045,,,,2,,,,
LABG_0304,Lactiplantibacillus plantarum,Lactiplantibacillus plantarum,Lactiplantibacillus,GCF_040271445.1,GCF_040271445.1.fna,core_LAB,False,,,3256520,44.5304,,,,3,,,,
LABG_0305,Lactiplantibacillus plantarum,Lactiplantibacillus plantarum,Lactiplantibacillus,GCF_040356725.1,GCF_040356725.1.fna,core_LAB,False,,,3265637,44.5421,,,,4,,,,
LABG_0306,Lactiplantibacillus plantarum,Lactiplantibacillus plantarum,Lactiplantibacillus,GCF_040435965.1,GCF_040435965.1.fna,core_LAB,False,,,2981956,44.8706,,,,5,,,,
LABG_0307,Lactiplantibacillus plantarum,Lactiplantibacillus plantarum,Lactiplantibacillus,GCF_040448705.1,GCF_040448705.1.fna,core_LAB,False,,,3450865,44.2817,,,,15,,,,
LABG_0308,Lactiplantibacillus plantarum,Lactiplantibacillus plantarum,Lactiplantibacillus,GCF_040536935.1,GCF_040536935.1.fna,core_LAB,False,,,3334424,44.3827,,,,5,,,,
LABG_0309,Lactiplantibacillus plantarum,Lactiplantibacillus plantarum,Lactiplantibacillus,GCF_040745055.1,GCF_040745055.1.fna,core_LAB,False,,,3322685,44.4787,,,,3,,,,
LABG_0310,Lactiplantibacillus plantarum,Lactiplantibacillus plantarum,Lactiplantibacillus,GCF_040790815.1,GCF_040790815.1.fna,core_LAB,False,,,3085076,44.7846,,,,1,,,,
LABG_0311,Lactiplantibacillus plantarum,Lactiplantibacillus plantarum,Lactiplantibacillus,GCF_040790905.1,GCF_040790905.1.fna,core_LAB,False,,,3263496,44.4846,,,,2,,,,
LABG_0312,Lactiplantibacillus plantarum,Lactiplantibacillus plantarum,Lactiplantibacillus,GCF_040822455.1,GCF_040822455.1.fna,core_LAB,False,,,3332336,44.4755,,,,4,,,,
LABG_0313,Lactiplantibacillus pentosus,Lactiplantibacillus pentosus,Lactiplantibacillus,GCF_040969965.1,GCF_040969965.1.fna,core_LAB,False,,,3702061,46.1948,,,,4,,,,
LABG_0314,Lactiplantibacillus plantarum,Lactiplantibacillus plantarum,Lactiplantibacillus,GCF_041080595.1,GCF_041080595.1.fna,core_LAB,False,,,3300604,44.4853,,,,10,,,,
LABG_0315,Lactiplantibacillus plantarum,Lactiplantibacillus plantarum,Lactiplantibacillus,GCF_041222805.1,GCF_041222805.1.fna,core_LAB,False,,,3225915,44.5872,,,,1,,,,
LABG_0316,Lactiplantibacillus plantarum,Lactiplantibacillus plantarum,Lactiplantibacillus,GCF_041297935.1,GCF_041297935.1.fna,core_LAB,False,,,3227035,44.5992,,,,1,,,,
LABG_0317,Lactiplantibacillus plantarum,Lactiplantibacillus plantarum,Lactiplantibacillus,GCF_041344935.1,GCF_041344935.1.fna,core_LAB,False,,,3424901,44.4049,,,,6,,,,
LABG_0318,Lactiplantibacillus plantarum,Lactiplantibacillus plantarum,Lactiplantibacillus,GCF_041344945.1,GCF_041344945.1.fna,core_LAB,False,,,3359093,44.4278,,,,10,,,,
LABG_0319,Lactiplantibacillus plantarum,Lactiplantibacillus plantarum,Lactiplantibacillus,GCF_041531555.1,GCF_041531555.1.fna,core_LAB,False,,,3431435,44.2889,,,,5,,,,
LABG_0320,Lactiplantibacillus plantarum,Lactiplantibacillus plantarum,Lactiplantibacillus,GCF_041725645.1,GCF_041725645.1.fna,core_LAB,False,,,3366048,44.4915,,,,10,,,,
LABG_0321,Lactiplantibacillus plantarum,Lactiplantibacillus plantarum,Lactiplantibacillus,GCF_041927215.1,GCF_041927215.1.fna,core_LAB,False,,,3284091,44.5318,,,,2,,,,
LABG_0322,Lactiplantibacillus plantarum,Lactiplantibacillus plantarum,Lactiplantibacillus,GCF_041941405.1,GCF_041941405.1.fna,core_LAB,False,,,3361455,44.32,,,,3,,,,
LABG_0323,Lactiplantibacillus plantarum,Lactiplantibacillus plantarum,Lactiplantibacillus,GCF_042465735.1,GCF_042465735.1.fna,core_LAB,False,,,3573648,44.2118,,,,10,,,,
LABG_0324,Lactiplantibacillus plantarum,Lactiplantibacillus plantarum,Lactiplantibacillus,GCF_042691645.1,GCF_042691645.1.fna,core_LAB,False,,,3241974,44.51,,,,3,,,,
LABG_0325,Lactiplantibacillus plantarum,Lactiplantibacillus plantarum,Lactiplantibacillus,GCF_044095195.1,GCF_044095195.1.fna,core_LAB,False,,,3205402,44.5718,,,,2,,,,
LABG_0326,Lactiplantibacillus plantarum,Lactiplantibacillus plantarum,Lactiplantibacillus,GCF_044590115.1,GCF_044590115.1.fna,core_LAB,False,,,3458350,44.3416,,,,3,,,,
LABG_0327,Lactiplantibacillus plantarum,Lactiplantibacillus plantarum,Lactiplantibacillus,GCF_045010365.1,GCF_045010365.1.fna,core_LAB,False,,,3246683,44.5847,,,,4,,,,
LABG_0328,Lactiplantibacillus plantarum,Lactiplantibacillus plantarum,Lactiplantibacillus,GCF_045159745.1,GCF_045159745.1.fna,core_LAB,False,,,3248482,44.5112,,,,7,,,,
LABG_0329,Lactiplantibacillus plantarum,Lactiplantibacillus plantarum,Lactiplantibacillus,GCF_045348015.1,GCF_045348015.1.fna,core_LAB,False,,,3295258,44.4785,,,,8,,,,
LABG_0330,Lactiplantibacillus plantarum,Lactiplantibacillus plantarum,Lactiplantibacillus,GCF_045348195.1,GCF_045348195.1.fna,core_LAB,False,,,3197758,44.5988,,,,1,,,,
LABG_0331,Lactiplantibacillus brownii,Lactiplantibacillus brownii,Lactiplantibacillus,GCF_045862825.1,GCF_045862825.1.fna,core_LAB,False,,,3123493,43.661,,,,3,,,,
LABG_0332,Lactiplantibacillus plantarum,Lactiplantibacillus plantarum,Lactiplantibacillus,GCF_046097075.1,GCF_046097075.1.fna,core_LAB,False,,,3206383,44.5602,,,,6,,,,
LABG_0333,Lactiplantibacillus plantarum,Lactiplantibacillus plantarum,Lactiplantibacillus,GCF_046109905.1,GCF_046109905.1.fna,core_LAB,False,,,3242011,44.5093,,,,3,,,,
LABG_0334,Lactiplantibacillus plantarum,Lactiplantibacillus plantarum,Lactiplantibacillus,GCF_046244405.1,GCF_046244405.1.fna,core_LAB,False,,,3345351,44.4051,,,,4,,,,
LABG_0335,Lactiplantibacillus plantarum,Lactiplantibacillus plantarum,Lactiplantibacillus,GCF_046529735.1,GCF_046529735.1.fna,core_LAB,False,,,3247801,44.5122,,,,1,,,,
LABG_0336,Lactiplantibacillus plantarum,Lactiplantibacillus plantarum,Lactiplantibacillus,GCF_046843265.1,GCF_046843265.1.fna,core_LAB,False,,,3540153,44.1793,,,,13,,,,
LABG_0337,Lactiplantibacillus plantarum,Lactiplantibacillus plantarum,Lactiplantibacillus,GCF_047041085.1,GCF_047041085.1.fna,core_LAB,False,,,3207611,44.6556,,,,1,,,,
LABG_0338,Lactiplantibacillus plantarum,Lactiplantibacillus plantarum,Lactiplantibacillus,GCF_047223445.1,GCF_047223445.1.fna,core_LAB,False,,,3018077,44.7862,,,,4,,,,
LABG_0339,Lactiplantibacillus plantarum,Lactiplantibacillus plantarum,Lactiplantibacillus,GCF_047224495.1,GCF_047224495.1.fna,core_LAB,False,,,3385731,44.3498,,,,9,,,,
LABG_0340,Lactiplantibacillus plantarum,Lactiplantibacillus plantarum,Lactiplantibacillus,GCF_047277305.1,GCF_047277305.1.fna,core_LAB,False,,,3371966,44.4863,,,,5,,,,
LABG_0341,Lactiplantibacillus plantarum,Lactiplantibacillus plantarum,Lactiplantibacillus,GCF_047495545.1,GCF_047495545.1.fna,core_LAB,False,,,3230636,44.5373,,,,2,,,,
LABG_0342,Lactiplantibacillus plantarum,Lactiplantibacillus plantarum,Lactiplantibacillus,GCF_047649195.1,GCF_047649195.1.fna,core_LAB,False,,,3261808,44.4844,,,,2,,,,
LABG_0343,Lactiplantibacillus plantarum,Lactiplantibacillus plantarum,Lactiplantibacillus,GCF_048008025.1,GCF_048008025.1.fna,core_LAB,False,,,3069225,44.7835,,,,1,,,,
LABG_0344,Lactiplantibacillus plantarum,Lactiplantibacillus plantarum,Lactiplantibacillus,GCF_048009075.1,GCF_048009075.1.fna,core_LAB,False,,,3074387,44.6182,,,,1,,,,
LABG_0345,Lactiplantibacillus plantarum,Lactiplantibacillus plantarum,Lactiplantibacillus,GCF_048541615.1,GCF_048541615.1.fna,core_LAB,False,,,3353648,44.3959,,,,9,,,,
LABG_0346,Lactiplantibacillus plantarum,Lactiplantibacillus plantarum,Lactiplantibacillus,GCF_048568895.1,GCF_048568895.1.fna,core_LAB,False,,,3198414,44.7451,,,,1,,,,
LABG_0347,Lactiplantibacillus plantarum,Lactiplantibacillus plantarum,Lactiplantibacillus,GCF_049177195.1,GCF_049177195.1.fna,core_LAB,False,,,3066500,44.8018,,,,2,,,,
LABG_0348,Lactiplantibacillus plantarum,Lactiplantibacillus plantarum,Lactiplantibacillus,GCF_049177205.1,GCF_049177205.1.fna,core_LAB,False,,,3520032,44.2405,,,,7,,,,
LABG_0349,Lactiplantibacillus plantarum,Lactiplantibacillus plantarum,Lactiplantibacillus,GCF_049188355.1,GCF_049188355.1.fna,core_LAB,False,,,3381042,44.2692,,,,6,,,,
LABG_0350,Lactiplantibacillus plantarum,Lactiplantibacillus plantarum,Lactiplantibacillus,GCF_049190885.1,GCF_049190885.1.fna,core_LAB,False,,,3231898,44.5588,,,,1,,,,
LABG_0351,Lactiplantibacillus plantarum,Lactiplantibacillus plantarum,Lactiplantibacillus,GCF_049241955.1,GCF_049241955.1.fna,core_LAB,False,,,3502836,44.2514,,,,4,,,,
LABG_0352,Lactiplantibacillus plantarum,Lactiplantibacillus plantarum,Lactiplantibacillus,GCF_049330845.1,GCF_049330845.1.fna,core_LAB,False,,,3306720,44.4677,,,,1,,,,
LABG_0353,Lactiplantibacillus plantarum,Lactiplantibacillus plantarum,Lactiplantibacillus,GCF_049477935.1,GCF_049477935.1.fna,core_LAB,False,,,3317947,44.6236,,,,1,,,,
LABG_0354,Lactiplantibacillus pentosus,Lactiplantibacillus pentosus,Lactiplantibacillus,GCF_049544935.1,GCF_049544935.1.fna,core_LAB,False,,,3553505,46.5206,,,,1,,,,
LABG_0355,Lactiplantibacillus plantarum,Lactiplantibacillus plantarum,Lactiplantibacillus,GCF_049942725.1,GCF_049942725.1.fna,core_LAB,False,,,3453184,44.179,,,,10,,,,
LABG_0356,Lactiplantibacillus plantarum,Lactiplantibacillus plantarum,Lactiplantibacillus,GCF_049942745.1,GCF_049942745.1.fna,core_LAB,False,,,3264387,44.4377,,,,6,,,,
LABG_0357,Lactiplantibacillus plantarum,Lactiplantibacillus plantarum,Lactiplantibacillus,GCF_049990875.1,GCF_049990875.1.fna,core_LAB,False,,,3458240,44.2286,,,,5,,,,
LABG_0358,Lactiplantibacillus plantarum,Lactiplantibacillus plantarum,Lactiplantibacillus,GCF_050106605.1,GCF_050106605.1.fna,core_LAB,False,,,3207470,44.571,,,,2,,,,
LABG_0359,Lactiplantibacillus pentosus,Lactiplantibacillus pentosus,Lactiplantibacillus,GCF_050407965.1,GCF_050407965.1.fna,core_LAB,False,,,3740574,46.1796,,,,6,,,,
LABG_0360,Lactiplantibacillus plantarum,Lactiplantibacillus plantarum,Lactiplantibacillus,GCF_050563485.1,GCF_050563485.1.fna,core_LAB,False,,,3250787,44.6069,,,,4,,,,
LABG_0361,Lactiplantibacillus plantarum,Lactiplantibacillus plantarum,Lactiplantibacillus,GCF_050613195.1,GCF_050613195.1.fna,core_LAB,False,,,3311099,44.4875,,,,2,,,,
LABG_0362,Lactiplantibacillus plantarum,Lactiplantibacillus plantarum,Lactiplantibacillus,GCF_050613265.1,GCF_050613265.1.fna,core_LAB,False,,,3220404,44.5633,,,,3,,,,
LABG_0363,Lactiplantibacillus plantarum,Lactiplantibacillus plantarum,Lactiplantibacillus,GCF_050707955.1,GCF_050707955.1.fna,core_LAB,False,,,3008879,44.8408,,,,3,,,,
LABG_0364,Lactiplantibacillus argentoratensis,Lactiplantibacillus argentoratensis,Lactiplantibacillus,GCF_050847345.1,GCF_050847345.1.fna,core_LAB,False,,,3096698,45.338,,,,2,,,,
LABG_0365,Lactiplantibacillus pentosus,Lactiplantibacillus pentosus,Lactiplantibacillus,GCF_050858995.1,GCF_050858995.1.fna,core_LAB,False,,,3512307,46.3657,,,,4,,,,
LABG_0366,Lactiplantibacillus argentoratensis,Lactiplantibacillus argentoratensis,Lactiplantibacillus,GCF_050871075.1,GCF_050871075.1.fna,core_LAB,False,,,2988800,45.4308,,,,1,,,,
LABG_0367,Lactiplantibacillus plantarum,Lactiplantibacillus plantarum,Lactiplantibacillus,GCF_050920835.1,GCF_050920835.1.fna,core_LAB,False,,,3341086,44.4556,,,,5,,,,
LABG_0368,Lactiplantibacillus paraplantarum,Lactiplantibacillus paraplantarum,Lactiplantibacillus,GCF_051098045.1,GCF_051098045.1.fna,core_LAB,False,,,3332249,43.8248,,,,1,,,,
LABG_0369,Lactiplantibacillus plantarum,Lactiplantibacillus plantarum,Lactiplantibacillus,GCF_051123805.1,GCF_051123805.1.fna,core_LAB,False,,,3274539,44.5184,,,,6,,,,
LABG_0370,Lactiplantibacillus plantarum,Lactiplantibacillus plantarum,Lactiplantibacillus,GCF_051217015.1,GCF_051217015.1.fna,core_LAB,False,,,3370477,44.3999,,,,5,,,,
LABG_0371,Lactiplantibacillus plantarum,Lactiplantibacillus plantarum,Lactiplantibacillus,GCF_051225605.1,GCF_051225605.1.fna,core_LAB,False,,,3225945,44.5793,,,,1,,,,
LABG_0372,Lactiplantibacillus plantarum,Lactiplantibacillus plantarum,Lactiplantibacillus,GCF_051557165.1,GCF_051557165.1.fna,core_LAB,False,,,3437253,44.2497,,,,4,,,,
LABG_0373,Lactiplantibacillus plantarum,Lactiplantibacillus plantarum,Lactiplantibacillus,GCF_051860185.1,GCF_051860185.1.fna,core_LAB,False,,,3343988,44.3664,,,,4,,,,
LABG_0374,Lactiplantibacillus plantarum,Lactiplantibacillus plantarum,Lactiplantibacillus,GCF_051903995.1,GCF_051903995.1.fna,core_LAB,False,,,3390796,44.3186,,,,11,,,,
LABG_0375,Lactiplantibacillus plantarum,Lactiplantibacillus plantarum,Lactiplantibacillus,GCF_051918085.1,GCF_051918085.1.fna,core_LAB,False,,,3417646,44.2274,,,,17,,,,
LABG_0376,Lactiplantibacillus plantarum,Lactiplantibacillus plantarum,Lactiplantibacillus,GCF_051990715.1,GCF_051990715.1.fna,core_LAB,False,,,3348977,44.345,,,,9,,,,
LABG_0377,Lactiplantibacillus plantarum,Lactiplantibacillus plantarum,Lactiplantibacillus,GCF_052037465.1,GCF_052037465.1.fna,core_LAB,False,,,3086756,44.7757,,,,2,,,,
LABG_0378,Lactiplantibacillus plantarum,Lactiplantibacillus plantarum,Lactiplantibacillus,GCF_052063245.1,GCF_052063245.1.fna,core_LAB,False,,,3350992,44.296,,,,4,,,,
LABG_0379,Lactiplantibacillus plantarum,Lactiplantibacillus plantarum,Lactiplantibacillus,GCF_052232885.1,GCF_052232885.1.fna,core_LAB,False,,,3198181,44.5895,,,,1,,,,
LABG_0380,Lactiplantibacillus plantarum,Lactiplantibacillus plantarum,Lactiplantibacillus,GCF_052373675.1,GCF_052373675.1.fna,core_LAB,False,,,3237522,44.5225,,,,4,,,,
LABG_0381,Lactiplantibacillus plantarum,Lactiplantibacillus plantarum,Lactiplantibacillus,GCF_052373895.1,GCF_052373895.1.fna,core_LAB,False,,,3396179,44.3433,,,,8,,,,
LABG_0382,Lactiplantibacillus plantarum,Lactiplantibacillus plantarum,Lactiplantibacillus,GCF_052386115.1,GCF_052386115.1.fna,core_LAB,False,,,3198962,44.5497,,,,4,,,,
LABG_0383,Lactiplantibacillus plantarum,Lactiplantibacillus plantarum,Lactiplantibacillus,GCF_052438955.1,GCF_052438955.1.fna,core_LAB,False,,,3368843,44.4421,,,,5,,,,
LABG_0384,Lactiplantibacillus plantarum,Lactiplantibacillus plantarum,Lactiplantibacillus,GCF_052692365.1,GCF_052692365.1.fna,core_LAB,False,,,3356384,44.8984,,,,1,,,,
LABG_0385,Lactiplantibacillus plantarum,Lactiplantibacillus plantarum,Lactiplantibacillus,GCF_052692615.1,GCF_052692615.1.fna,core_LAB,False,,,3154593,44.6692,,,,1,,,,
LABG_0386,Lactiplantibacillus plantarum,Lactiplantibacillus plantarum,Lactiplantibacillus,GCF_053570545.1,GCF_053570545.1.fna,core_LAB,False,,,3282143,44.5785,,,,6,,,,
LABG_0387,Lactiplantibacillus pentosus,Lactiplantibacillus pentosus,Lactiplantibacillus,GCF_053813565.1,GCF_053813565.1.fna,core_LAB,False,,,3843946,46.0501,,,,10,,,,
LABG_0388,Lactiplantibacillus plantarum,Lactiplantibacillus plantarum,Lactiplantibacillus,GCF_053849045.1,GCF_053849045.1.fna,core_LAB,False,,,3330934,44.4157,,,,7,,,,
LABG_0389,Lactiplantibacillus plantarum,Lactiplantibacillus plantarum,Lactiplantibacillus,GCF_054031125.1,GCF_054031125.1.fna,core_LAB,False,,,3241598,44.4954,,,,7,,,,
LABG_0390,Lactiplantibacillus plantarum,Lactiplantibacillus plantarum,Lactiplantibacillus,GCF_054113425.1,GCF_054113425.1.fna,core_LAB,False,,,3256546,44.5763,,,,2,,,,
LABG_0391,Lactiplantibacillus pentosus,Lactiplantibacillus pentosus,Lactiplantibacillus,GCF_054129855.1,GCF_054129855.1.fna,core_LAB,False,,,3609490,46.3498,,,,1,,,,
LABG_0392,Lactiplantibacillus pentosus,Lactiplantibacillus pentosus,Lactiplantibacillus,GCF_054343575.1,GCF_054343575.1.fna,core_LAB,False,,,3757123,46.2124,,,,4,,,,
LABG_0393,Lactiplantibacillus plantarum,Lactiplantibacillus plantarum,Lactiplantibacillus,GCF_054484395.1,GCF_054484395.1.fna,core_LAB,False,,,3380230,44.3929,,,,5,,,,
LABG_0394,Lactiplantibacillus plantarum,Lactiplantibacillus plantarum,Lactiplantibacillus,GCF_054568115.1,GCF_054568115.1.fna,core_LAB,False,,,3276265,44.4661,,,,6,,,,
LABG_0395,Lactiplantibacillus plantarum,Lactiplantibacillus plantarum,Lactiplantibacillus,GCF_054695985.1,GCF_054695985.1.fna,core_LAB,False,,,3272579,44.5376,,,,4,,,,
LABG_0396,Lactiplantibacillus plantarum,Lactiplantibacillus plantarum,Lactiplantibacillus,GCF_054918155.1,GCF_054918155.1.fna,core_LAB,False,,,3388770,44.3857,,,,4,,,,
LABG_0397,Lactiplantibacillus pentosus,Lactiplantibacillus pentosus,Lactiplantibacillus,GCF_055233895.1,GCF_055233895.1.fna,core_LAB,False,,,3908436,45.8989,,,,3,,,,
LABG_0398,Lactiplantibacillus plantarum,Lactiplantibacillus plantarum,Lactiplantibacillus,GCF_055234055.1,GCF_055234055.1.fna,core_LAB,False,,,3394707,44.361,,,,2,,,,
LABG_0399,Lactiplantibacillus plantarum,Lactiplantibacillus plantarum,Lactiplantibacillus,GCF_055809795.1,GCF_055809795.1.fna,core_LAB,False,,,3435471,44.3252,,,,7,,,,
LABG_0400,Lactiplantibacillus plantarum,Lactiplantibacillus plantarum,Lactiplantibacillus,GCF_056175105.1,GCF_056175105.1.fna,core_LAB,False,,,3324247,44.5162,,,,1,,,,
LABG_0401,Lactiplantibacillus plantarum,Lactiplantibacillus plantarum,Lactiplantibacillus,GCF_056270385.1,GCF_056270385.1.fna,core_LAB,False,,,3198182,44.5894,,,,1,,,,
LABG_0402,Lactiplantibacillus plantarum,Lactiplantibacillus plantarum,Lactiplantibacillus,GCF_056490545.1,GCF_056490545.1.fna,core_LAB,False,,,3126287,44.7079,,,,1,,,,
LABG_0403,Lactiplantibacillus plantarum,Lactiplantibacillus plantarum,Lactiplantibacillus,GCF_056618465.1,GCF_056618465.1.fna,core_LAB,False,,,3430249,44.2988,,,,7,,,,
LABG_0404,Lactiplantibacillus paraplantarum,Lactiplantibacillus paraplantarum,Lactiplantibacillus,GCF_056618485.1,GCF_056618485.1.fna,core_LAB,False,,,3321831,43.7427,,,,9,,,,
LABG_0405,Lactiplantibacillus plantarum,Lactiplantibacillus plantarum,Lactiplantibacillus,GCF_056725865.1,GCF_056725865.1.fna,core_LAB,False,,,3397865,44.2817,,,,9,,,,
LABG_0406,Lactiplantibacillus plantarum,Lactiplantibacillus plantarum,Lactiplantibacillus,GCF_056739195.1,GCF_056739195.1.fna,core_LAB,False,,,3438324,44.3472,,,,4,,,,
LABG_0407,Lactiplantibacillus plantarum,Lactiplantibacillus plantarum,Lactiplantibacillus,GCF_056821015.1,GCF_056821015.1.fna,core_LAB,False,,,3311051,44.4874,,,,2,,,,
LABG_0408,Lactiplantibacillus pentosus,Lactiplantibacillus pentosus,Lactiplantibacillus,GCF_056847305.1,GCF_056847305.1.fna,core_LAB,False,,,3627441,46.2904,,,,1,,,,
LABG_0409,Lactiplantibacillus plantarum,Lactiplantibacillus plantarum,Lactiplantibacillus,GCF_056858315.1,GCF_056858315.1.fna,core_LAB,False,,,3035716,44.8004,,,,1,,,,
LABG_0410,Lactiplantibacillus plantarum,Lactiplantibacillus plantarum,Lactiplantibacillus,GCF_057073515.1,GCF_057073515.1.fna,core_LAB,False,,,3352329,44.4081,,,,3,,,,
LABG_0411,Lactiplantibacillus plantarum,Lactiplantibacillus plantarum,Lactiplantibacillus,GCF_057073525.1,GCF_057073525.1.fna,core_LAB,False,,,3261833,44.6222,,,,3,,,,
LABG_0412,Lactiplantibacillus plantarum,Lactiplantibacillus plantarum,Lactiplantibacillus,GCF_057073535.1,GCF_057073535.1.fna,core_LAB,False,,,3338545,44.4222,,,,3,,,,
LABG_0413,Lactiplantibacillus plantarum,Lactiplantibacillus plantarum,Lactiplantibacillus,GCF_057073965.1,GCF_057073965.1.fna,core_LAB,False,,,3356998,44.3893,,,,8,,,,
LABG_0414,Lactiplantibacillus plantarum,Lactiplantibacillus plantarum,Lactiplantibacillus,GCF_057074005.1,GCF_057074005.1.fna,core_LAB,False,,,3446196,44.3614,,,,4,,,,
LABG_0415,Lactiplantibacillus argentoratensis,Lactiplantibacillus argentoratensis,Lactiplantibacillus,GCF_057074015.1,GCF_057074015.1.fna,core_LAB,False,,,3263440,45.0457,,,,6,,,,
LABG_0416,Lactiplantibacillus plantarum,Lactiplantibacillus plantarum,Lactiplantibacillus,GCF_057365125.1,GCF_057365125.1.fna,core_LAB,False,,,3261256,44.4523,,,,3,,,,
LABG_0417,Lactiplantibacillus plantarum,Lactiplantibacillus plantarum,Lactiplantibacillus,GCF_057400285.1,GCF_057400285.1.fna,core_LAB,False,,,3336910,44.4586,,,,3,,,,
LABG_0418,Lactiplantibacillus plantarum,Lactiplantibacillus plantarum,Lactiplantibacillus,GCF_057400295.1,GCF_057400295.1.fna,core_LAB,False,,,3336829,44.4582,,,,3,,,,
LABG_0419,Lactiplantibacillus plantarum,Lactiplantibacillus plantarum,Lactiplantibacillus,GCF_057418535.1,GCF_057418535.1.fna,core_LAB,False,,,3436380,44.3351,,,,8,,,,
LABG_0420,Lactiplantibacillus plantarum,Lactiplantibacillus plantarum,Lactiplantibacillus,GCF_057418565.1,GCF_057418565.1.fna,core_LAB,False,,,3449076,44.3065,,,,10,,,,
LABG_0421,Lactiplantibacillus plantarum,Lactiplantibacillus plantarum,Lactiplantibacillus,GCF_057418615.1,GCF_057418615.1.fna,core_LAB,False,,,3556116,44.2635,,,,11,,,,
LABG_0422,Lactiplantibacillus plantarum,Lactiplantibacillus plantarum,Lactiplantibacillus,GCF_057418625.1,GCF_057418625.1.fna,core_LAB,False,,,3345035,44.387,,,,7,,,,
LABG_0423,Lactiplantibacillus plantarum,Lactiplantibacillus plantarum,Lactiplantibacillus,GCF_057418965.1,GCF_057418965.1.fna,core_LAB,False,,,3380435,44.389,,,,2,,,,
LABG_0424,Lactiplantibacillus plantarum,Lactiplantibacillus plantarum,Lactiplantibacillus,GCF_057457675.1,GCF_057457675.1.fna,core_LAB,False,,,3217862,44.5643,,,,1,,,,
LABG_0425,Lactiplantibacillus plantarum,Lactiplantibacillus plantarum,Lactiplantibacillus,GCF_057736435.1,GCF_057736435.1.fna,core_LAB,False,,,3544437,44.3182,,,,3,,,,
LABG_0426,Lactiplantibacillus plantarum,Lactiplantibacillus plantarum,Lactiplantibacillus,GCF_057736635.1,GCF_057736635.1.fna,core_LAB,False,,,3326610,44.4262,,,,5,,,,
LABG_0427,Lactiplantibacillus plantarum,Lactiplantibacillus plantarum,Lactiplantibacillus,GCF_057785035.1,GCF_057785035.1.fna,core_LAB,False,,,3390765,44.4044,,,,4,,,,
LABG_0428,Lactiplantibacillus plantarum,Lactiplantibacillus plantarum,Lactiplantibacillus,GCF_057786755.1,GCF_057786755.1.fna,core_LAB,False,,,3347625,44.4979,,,,1,,,,
LABG_0429,Lactiplantibacillus plantarum,Lactiplantibacillus plantarum,Lactiplantibacillus,GCF_057815115.1,GCF_057815115.1.fna,core_LAB,False,,,3497612,44.1096,,,,1,,,,
LABG_0430,Lactiplantibacillus plantarum,Lactiplantibacillus plantarum,Lactiplantibacillus,GCF_057895855.1,GCF_057895855.1.fna,core_LAB,False,,,3348674,44.3194,,,,4,,,,
LABG_0431,Lactiplantibacillus plantarum,Lactiplantibacillus plantarum,Lactiplantibacillus,GCF_058066585.1,GCF_058066585.1.fna,core_LAB,False,,,3476471,44.2916,,,,7,,,,
LABG_0432,Lactiplantibacillus plantarum,Lactiplantibacillus plantarum,Lactiplantibacillus,GCF_058091815.1,GCF_058091815.1.fna,core_LAB,False,,,3311080,44.4871,,,,2,,,,
LABG_0433,Lactiplantibacillus plantarum,Lactiplantibacillus plantarum,Lactiplantibacillus,GCF_058134385.1,GCF_058134385.1.fna,core_LAB,False,,,3355377,44.3477,,,,8,,,,
LABG_0434,Lactiplantibacillus plantarum,Lactiplantibacillus plantarum,Lactiplantibacillus,GCF_058134395.1,GCF_058134395.1.fna,core_LAB,False,,,3324833,44.4711,,,,2,,,,
LABG_0435,Lactiplantibacillus plantarum,Lactiplantibacillus plantarum,Lactiplantibacillus,GCF_058134425.1,GCF_058134425.1.fna,core_LAB,False,,,3338446,44.3419,,,,3,,,,
LABG_0436,Lactiplantibacillus argentoratensis,Lactiplantibacillus argentoratensis,Lactiplantibacillus,GCF_058134445.1,GCF_058134445.1.fna,core_LAB,False,,,3163657,45.17,,,,3,,,,
LABG_0437,Lactiplantibacillus plantarum,Lactiplantibacillus plantarum,Lactiplantibacillus,GCF_058134455.1,GCF_058134455.1.fna,core_LAB,False,,,3245141,44.5622,,,,1,,,,
LABG_0438,Lactiplantibacillus plantarum,Lactiplantibacillus plantarum,Lactiplantibacillus,GCF_058134485.1,GCF_058134485.1.fna,core_LAB,False,,,3282686,44.3097,,,,6,,,,
LABG_0439,Lactiplantibacillus plantarum,Lactiplantibacillus plantarum,Lactiplantibacillus,GCF_058134505.1,GCF_058134505.1.fna,core_LAB,False,,,3232908,44.4851,,,,7,,,,
LABG_0440,Lactiplantibacillus plantarum,Lactiplantibacillus plantarum,Lactiplantibacillus,GCF_058134515.1,GCF_058134515.1.fna,core_LAB,False,,,3523879,44.1828,,,,8,,,,
LABG_0441,Lactiplantibacillus plantarum,Lactiplantibacillus plantarum,Lactiplantibacillus,GCF_058134545.1,GCF_058134545.1.fna,core_LAB,False,,,3421904,44.2154,,,,12,,,,
LABG_0442,Lactiplantibacillus plantarum,Lactiplantibacillus plantarum,Lactiplantibacillus,GCF_058134565.1,GCF_058134565.1.fna,core_LAB,False,,,3529213,44.1474,,,,5,,,,
LABG_0443,Lactiplantibacillus plantarum,Lactiplantibacillus plantarum,Lactiplantibacillus,GCF_058134575.1,GCF_058134575.1.fna,core_LAB,False,,,3317313,44.2454,,,,7,,,,
LABG_0444,Lactiplantibacillus argentoratensis,Lactiplantibacillus argentoratensis,Lactiplantibacillus,GCF_058134605.1,GCF_058134605.1.fna,core_LAB,False,,,3130813,45.2901,,,,3,,,,
LABG_0445,Lactiplantibacillus plantarum,Lactiplantibacillus plantarum,Lactiplantibacillus,GCF_058134625.1,GCF_058134625.1.fna,core_LAB,False,,,3365755,44.4073,,,,3,,,,
LABG_0446,Lactiplantibacillus plantarum,Lactiplantibacillus plantarum,Lactiplantibacillus,GCF_058134635.1,GCF_058134635.1.fna,core_LAB,False,,,3352306,44.3161,,,,4,,,,
LABG_0447,Lactiplantibacillus argentoratensis,Lactiplantibacillus argentoratensis,Lactiplantibacillus,GCF_058134665.1,GCF_058134665.1.fna,core_LAB,False,,,3163668,45.17,,,,3,,,,
LABG_0448,Lactiplantibacillus argentoratensis,Lactiplantibacillus argentoratensis,Lactiplantibacillus,GCF_058134675.1,GCF_058134675.1.fna,core_LAB,False,,,3161380,45.174,,,,3,,,,
LABG_0449,Lactiplantibacillus argentoratensis,Lactiplantibacillus argentoratensis,Lactiplantibacillus,GCF_058134705.1,GCF_058134705.1.fna,core_LAB,False,,,3163656,45.1698,,,,3,,,,
LABG_0450,Lactiplantibacillus argentoratensis,Lactiplantibacillus argentoratensis,Lactiplantibacillus,GCF_058134725.1,GCF_058134725.1.fna,core_LAB,False,,,3163337,45.1709,,,,3,,,,
LABG_0451,Lactiplantibacillus argentoratensis,Lactiplantibacillus argentoratensis,Lactiplantibacillus,GCF_058134735.1,GCF_058134735.1.fna,core_LAB,False,,,3163670,45.1699,,,,3,,,,
LABG_0452,Lactiplantibacillus plantarum,Lactiplantibacillus plantarum,Lactiplantibacillus,GCF_058134785.1,GCF_058134785.1.fna,core_LAB,False,,,3453079,44.2088,,,,4,,,,
LABG_0453,Lactiplantibacillus plantarum,Lactiplantibacillus plantarum,Lactiplantibacillus,GCF_058134795.1,GCF_058134795.1.fna,core_LAB,False,,,3453070,44.2088,,,,4,,,,
LABG_0454,Lactiplantibacillus plantarum,Lactiplantibacillus plantarum,Lactiplantibacillus,GCF_058134825.1,GCF_058134825.1.fna,core_LAB,False,,,3486360,44.2213,,,,5,,,,
LABG_0455,Lactiplantibacillus plantarum,Lactiplantibacillus plantarum,Lactiplantibacillus,GCF_058134845.1,GCF_058134845.1.fna,core_LAB,False,,,3222746,44.4591,,,,5,,,,
LABG_0456,Lactiplantibacillus plantarum,Lactiplantibacillus plantarum,Lactiplantibacillus,GCF_058134875.1,GCF_058134875.1.fna,core_LAB,False,,,3361878,44.3601,,,,9,,,,
LABG_0457,Lactiplantibacillus plantarum,Lactiplantibacillus plantarum,Lactiplantibacillus,GCF_058134895.1,GCF_058134895.1.fna,core_LAB,False,,,3364714,44.2844,,,,5,,,,
LABG_0458,Lactiplantibacillus argentoratensis,Lactiplantibacillus argentoratensis,Lactiplantibacillus,GCF_058134935.1,GCF_058134935.1.fna,core_LAB,False,,,3163657,45.1699,,,,3,,,,
LABG_0459,Lactiplantibacillus plantarum,Lactiplantibacillus plantarum,Lactiplantibacillus,GCF_058134955.1,GCF_058134955.1.fna,core_LAB,False,,,3453080,44.2087,,,,4,,,,
LABG_0460,Lactiplantibacillus plantarum,Lactiplantibacillus plantarum,Lactiplantibacillus,GCF_058135345.1,GCF_058135345.1.fna,core_LAB,False,,,3245143,44.5622,,,,1,,,,
LABG_0461,Lactiplantibacillus argentoratensis,Lactiplantibacillus argentoratensis,Lactiplantibacillus,GCF_058135385.1,GCF_058135385.1.fna,core_LAB,False,,,3199586,45.133,,,,4,,,,
LABG_0462,Lactiplantibacillus plantarum,Lactiplantibacillus plantarum,Lactiplantibacillus,GCF_058135485.1,GCF_058135485.1.fna,core_LAB,False,,,3406123,44.3522,,,,4,,,,
LABG_0463,Lactiplantibacillus plantarum,Lactiplantibacillus plantarum,Lactiplantibacillus,GCF_058437055.1,GCF_058437055.1.fna,core_LAB,False,,,3326976,44.453,,,,5,,,,
LABG_0464,Lactiplantibacillus plantarum,Lactiplantibacillus plantarum,Lactiplantibacillus,GCF_059031825.1,GCF_059031825.1.fna,core_LAB,False,,,3214235,44.4695,,,,5,,,,
LABG_0465,Lactiplantibacillus plantarum,Lactiplantibacillus plantarum,Lactiplantibacillus,GCF_059488785.1,GCF_059488785.1.fna,core_LAB,False,,,3333045,44.4544,,,,7,,,,
LABG_0466,Lactiplantibacillus plantarum,Lactiplantibacillus plantarum,Lactiplantibacillus,GCF_059547555.1,GCF_059547555.1.fna,core_LAB,False,,,3566845,44.1801,,,,5,,,,
LABG_0467,Lactiplantibacillus carotarum,Lactiplantibacillus carotarum,Lactiplantibacillus,GCF_947539765.1,GCF_947539765.1.fna,core_LAB,False,,,3447133,47.6054,,,,9,,,,
LABG_0468,Lactiplantibacillus xiangfangensis,Lactiplantibacillus xiangfangensis,Lactiplantibacillus,GCF_963243495.1,GCF_963243495.1.fna,core_LAB,False,,,3063594,45.3224,,,,3,,,,
LABG_0469,Lactiplantibacillus pentosus,Lactiplantibacillus pentosus,Lactiplantibacillus,GCF_964063425.1,GCF_964063425.1.fna,core_LAB,False,,,3911985,45.9614,,,,9,,,,
LABG_0470,Lactiplantibacillus plantarum,Lactiplantibacillus plantarum,Lactiplantibacillus,GCF_964065245.1,GCF_964065245.1.fna,core_LAB,False,,,3282237,44.4659,,,,6,,,,
LABG_0471,Lactiplantibacillus plantarum,Lactiplantibacillus plantarum,Lactiplantibacillus,GCF_964065445.1,GCF_964065445.1.fna,core_LAB,False,,,3439772,44.309,,,,7,,,,
LABG_0472,Lactiplantibacillus plantarum,Lactiplantibacillus plantarum,Lactiplantibacillus,GCF_964084915.1,GCF_964084915.1.fna,core_LAB,False,,,3216916,44.6342,,,,2,,,,
LABG_0473,Lactiplantibacillus plantarum,Lactiplantibacillus plantarum,Lactiplantibacillus,GCF_964200455.1,GCF_964200455.1.fna,core_LAB,False,,,3470577,44.3262,,,,9,,,,
LABG_0474,Lactiplantibacillus plantarum,Lactiplantibacillus plantarum,Lactiplantibacillus,GCF_965286275.1,GCF_965286275.1.fna,core_LAB,False,,,3139010,44.6833,,,,4,,,,
LABG_0475,Lactiplantibacillus argentoratensis,Lactiplantibacillus argentoratensis,Lactiplantibacillus,GCF_965286285.1,GCF_965286285.1.fna,core_LAB,False,,,3120811,45.3237,,,,5,,,,
LABG_0476,Lactiplantibacillus argentoratensis,Lactiplantibacillus argentoratensis,Lactiplantibacillus,GCF_965286295.1,GCF_965286295.1.fna,core_LAB,False,,,2994943,45.3165,,,,2,,,,
LABG_0477,Lactiplantibacillus plantarum,Lactiplantibacillus plantarum,Lactiplantibacillus,GCF_965286415.1,GCF_965286415.1.fna,core_LAB,False,,,3249125,44.4185,,,,7,,,,
LABG_0478,Lactiplantibacillus plantarum,Lactiplantibacillus plantarum,Lactiplantibacillus,GCF_965286495.1,GCF_965286495.1.fna,core_LAB,False,,,3248561,44.5577,,,,19,,,,
LABG_0479,Lactiplantibacillus plantarum,Lactiplantibacillus plantarum,Lactiplantibacillus,GCF_965286625.1,GCF_965286625.1.fna,core_LAB,False,,,3572990,44.1956,,,,18,,,,
LABG_0480,Lactiplantibacillus plantarum,Lactiplantibacillus plantarum,Lactiplantibacillus,GCF_982553825.1,GCF_982553825.1.fna,core_LAB,False,,,3372972,44.3944,,,,9,,,,
LABG_0481,Lactiplantibacillus plantarum,Lactiplantibacillus plantarum,Lactiplantibacillus,GCF_982553985.1,GCF_982553985.1.fna,core_LAB,False,,,3254018,44.5555,,,,4,,,,
LABG_0482,Lactiplantibacillus plantarum,Lactiplantibacillus plantarum,Lactiplantibacillus,GCF_982554065.1,GCF_982554065.1.fna,core_LAB,False,,,3392213,44.4333,,,,4,,,,
LABG_0483,Lactobacillus acidophilus,Lactobacillus acidophilus,Lactobacillus,GCF_034298135.1,GCF_034298135.1_ASM3429813v1_genomic.fna,core_LAB,False,,,1978847,34.7183,,,,1,,,,
LABG_0484,Lactobacillus brevis,Lactobacillus brevis,Lactobacillus,GCF_900475625.1,GCF_900475625.1_45709_F01_genomic.fna,core_LAB,False,,,2494328,46.0001,,,,1,,,,
LABG_0485,Lactobacillus casei,Lactobacillus casei,Lactobacillus,GCF_000829055.1,GCF_000829055.1_ASM82905v1_genomic.fna,core_LAB,False,,,2952961,47.8789,,,,3,,,,
LABG_0486,Lactobacillus crispatus,Lactobacillus crispatus,Lactobacillus,GCF_009769205.1,GCF_009769205.1_ASM976920v1_genomic.fna,core_LAB,False,,,2039404,37.0035,,,,2,,,,
LABG_0487,Lactobacillus delbrueckii subsp. bulgaricus,Lactobacillus delbrueckii subsp. bulgaricus,Lactobacillus,GCF_000056065.1,GCF_000056065.1_ASM5606v1_genomic.fna,core_LAB,False,,,1864998,49.719,,,,1,,,,
LABG_0488,Lactobacillus farciminis,Lactobacillus farciminis,Lactobacillus,GCF_002706745.1,GCF_002706745.1_ASM270674v1_genomic.fna,core_LAB,False,,,2551839,36.4364,,,,1,,,,
LABG_0489,Lactobacillus fermentum,Lactobacillus fermentum,Lactobacillus,GCF_005341425.1,GCF_005341425.1_ASM534142v1_genomic.fna,core_LAB,False,,,1905587,52.295,,,,1,,,,
LABG_0490,Lactobacillus gasseri,Lactobacillus gasseri,Lactobacillus,GCF_000014425.1,GCF_000014425.1_ASM1442v1_genomic.fna,core_LAB,False,,,1894360,35.2596,,,,1,,,,
LABG_0491,Lactobacillus helveticus,Lactobacillus helveticus,Lactobacillus,GCF_046109915.1,GCF_046109915.1_ASM4610991v1_genomic.fna,core_LAB,False,,,2120944,36.8101,,,,1,,,,
LABG_0492,Lactobacillus johnsonii,Lactobacillus johnsonii,Lactobacillus,GCF_014058685.1,GCF_014058685.1_ASM1405868v1_genomic.fna,core_LAB,False,,,1951416,34.6731,,,,1,,,,
LABG_0493,Lactobacillus murinus,Lactobacillus murinus,Lactobacillus,GCF_003288115.1,GCF_003288115.1_ASM328811v1_genomic.fna,core_LAB,False,,,2290452,39.8613,,,,1,,,,
LABG_0494,Lactobacillus paracasei,Lactobacillus paracasei,Lactobacillus,GCF_000155515.2,GCF_000155515.2_ASM15551v2_genomic.fna,core_LAB,False,,,3025352,46.297,,,,3,,,,
LABG_0495,Lactobacillus rhamnosus,Lactobacillus rhamnosus,Lactobacillus,GCF_900636965.1,GCF_900636965.1_45296_G02_genomic.fna,core_LAB,False,,,2988387,46.7626,,,,1,,,,
LABG_0496,Lactobacillus sakei,Lactobacillus sakei,Lactobacillus,GCF_054890615.1,GCF_054890615.1_ASM5489061v1_genomic.fna,core_LAB,False,,,2124608,41.1081,,,,3,,,,
LABG_0497,Lactobacillus salivarius,Lactobacillus salivarius,Lactobacillus,GCF_035231985.1,GCF_035231985.1_ASM3523198v1_genomic.fna,core_LAB,False,,,2071255,33.1301,,,,3,,,,
LABG_0498,Lactococcus lactis,Lactococcus lactis,Lactococcus,GCF_003176835.1,GCF_003176835.1_ASM317683v1_genomic.fna,core_LAB,False,,,2639081,34.9779,,,,2,,,,
LABG_0499,Leuconostoc argentinum,Leuconostoc argentinum,Leuconostoc,GCF_000179875.1,GCF_000179875.1_ASM17987v1_genomic.fna,core_LAB,False,,,1720683,42.8898,,,,98,,,,
LABG_0500,Leuconostoc citreum,Leuconostoc citreum,Leuconostoc,GCF_007954785.1,GCF_007954785.1_ASM795478v1_genomic.fna,core_LAB,False,,,1903250,38.9103,,,,2,,,,
LABG_0501,Leuconostoc mesenteroides,Leuconostoc mesenteroides,Leuconostoc,GCF_000014445.1,GCF_000014445.1_ASM1444v1_genomic.fna,core_LAB,False,,,2075763,37.6686,,,,2,,,,
LABG_0502,Pediococcus pentosaceus,Pediococcus pentosaceus,Pediococcus,GCF_000014505.1,GCF_000014505.1_ASM1450v1_genomic.fna,core_LAB,False,,,1832387,37.3578,,,,1,,,,
LABG_0503,Propionibacterium freudenreichii subsp. shermanii,Propionibacterium freudenreichii subsp. shermanii,Propionibacterium,GCF_058410905.1,GCF_058410905.1_ASM5841090v1_genomic.fna,fermentative_non_LAB,False,,,2554063,67.2333,,,,62,,,,
LABG_0504,Streptococcus thermophilus,Streptococcus thermophilus,Streptococcus,GCF_903886475.1,GCF_903886475.1_Streptococcus_thermophilus_CIRM_65_genomic.fna,core_LAB,False,,,1791634,39.1271,,,,2,,,,
LABG_0505,Weissella cibaria,Weissella cibaria,Weissella,GCF_001951095.1,GCF_001951095.1_ASM195109v1_genomic.fna,core_LAB,False,,,2363492,45.2575,,,,2,,,,
LABG_0506,Weissella confusa,Weissella confusa,Weissella,GCF_004771075.1,GCF_004771075.1_ASM477107v1_genomic.fna,core_LAB,False,,,2216758,45.0591,,,,2,,,,
LABG_0507,Weissella koreensis,Weissella koreensis,Weissella,GCF_000219805.1,GCF_000219805.1_ASM21980v1_genomic.fna,core_LAB,False,,,1441470,35.4992,,,,2,,,,
