Genome_ID,Species_current,Genus,Accession,Study_group
LABG_0001,Akkermansia muciniphila,Akkermansia,GCF_009731575.1,fermentative_non_LAB
LABG_0002,Bacillus clausii,Bacillus,GCF_034479305.1,external_comparator
LABG_0003,Bacillus coagulans,Bacillus,GCF_000832905.1,external_comparator
LABG_0004,Bacillus subtilis,Bacillus,GCF_000009045.1,external_comparator
LABG_0005,Bacteroides fragilis,Bacteroides,GCF_000025985.1,external_comparator
LABG_0006,Bacteroides xylanisolvens,Bacteroides,GCF_018289135.1,external_comparator
LABG_0007,Bifidobacterium adolescentis,Bifidobacterium,GCF_000010425.1,fermentative_non_LAB
LABG_0008,Bifidobacterium bifidum,Bifidobacterium,GCF_001025135.1,fermentative_non_LAB
LABG_0009,Bifidobacterium breve,Bifidobacterium,GCF_001025175.1,fermentative_non_LAB
LABG_0010,Bifidobacterium dentium,Bifidobacterium,GCF_001042595.1,fermentative_non_LAB
LABG_0011,Bifidobacterium infantis,Bifidobacterium,GCF_900637215.1,fermentative_non_LAB
LABG_0012,Bifidobacterium lactis,Bifidobacterium,GCF_000022965.1,fermentative_non_LAB
LABG_0013,Bifidobacterium longum,Bifidobacterium,GCF_000196555.1,fermentative_non_LAB
LABG_0014,Bifidobacterium pseudolongum,Bifidobacterium,GCF_002706665.1,fermentative_non_LAB
LABG_0015,Clostridium butyricum,Clostridium,GCF_014131795.1,external_comparator
LABG_0016,Enterococcus faecalis,Enterococcus,GCF_000393015.1,Enterococcus
LABG_0017,Enterococcus faecium,Enterococcus,GCF_009734005.1,Enterococcus
LABG_0018,Enterococcus mundtii,Enterococcus,GCF_002813755.1,Enterococcus
LABG_0019,Escherichia coli Nissle 1917,Escherichia,GCF_000714595.1,external_comparator
LABG_0020,Faecalibacterium prausnitzii,Faecalibacterium,GCF_000154385.1,external_comparator
LABG_0021,Lactiplantibacillus plantarum,Lactiplantibacillus,GCF_000023085.1,core_LAB
LABG_0022,Lactiplantibacillus plantarum,Lactiplantibacillus,GCF_000148815.2,core_LAB
LABG_0023,Lactiplantibacillus plantarum,Lactiplantibacillus,GCF_000203855.3,core_LAB
LABG_0024,Lactiplantibacillus plantarum,Lactiplantibacillus,GCF_000338115.2,core_LAB
LABG_0025,Lactiplantibacillus plantarum,Lactiplantibacillus,GCF_000412205.1,core_LAB
LABG_0026,Lactiplantibacillus plantarum,Lactiplantibacillus,GCF_000466905.3,core_LAB
LABG_0027,Lactiplantibacillus plantarum,Lactiplantibacillus,GCF_000604105.1,core_LAB
LABG_0028,Lactiplantibacillus plantarum,Lactiplantibacillus,GCF_000931425.2,core_LAB
LABG_0029,Lactiplantibacillus plantarum,Lactiplantibacillus,GCF_001272315.2,core_LAB
LABG_0030,Lactiplantibacillus plantarum,Lactiplantibacillus,GCF_001278015.1,core_LAB
LABG_0031,Lactiplantibacillus plantarum,Lactiplantibacillus,GCF_001296095.1,core_LAB
LABG_0032,Lactiplantibacillus plantarum,Lactiplantibacillus,GCF_001302645.1,core_LAB
LABG_0033,Lactiplantibacillus plantarum,Lactiplantibacillus,GCF_001331925.2,core_LAB
LABG_0034,Lactiplantibacillus paraplantarum,Lactiplantibacillus,GCF_001443645.1,core_LAB
LABG_0035,Lactiplantibacillus plantarum,Lactiplantibacillus,GCF_001484005.1,core_LAB
LABG_0036,Lactiplantibacillus plantarum,Lactiplantibacillus,GCF_001581895.1,core_LAB
LABG_0037,Lactiplantibacillus plantarum,Lactiplantibacillus,GCF_001596095.1,core_LAB
LABG_0038,Lactiplantibacillus plantarum,Lactiplantibacillus,GCF_001617525.2,core_LAB
LABG_0039,Lactiplantibacillus plantarum,Lactiplantibacillus,GCF_001659745.1,core_LAB
LABG_0040,Lactiplantibacillus plantarum,Lactiplantibacillus,GCF_001660025.1,core_LAB
LABG_0041,Lactiplantibacillus plantarum,Lactiplantibacillus,GCF_001672035.1,core_LAB
LABG_0042,Lactiplantibacillus plantarum,Lactiplantibacillus,GCF_001704315.1,core_LAB
LABG_0043,Lactiplantibacillus plantarum,Lactiplantibacillus,GCF_001704335.1,core_LAB
LABG_0044,Lactiplantibacillus plantarum,Lactiplantibacillus,GCF_001715615.1,core_LAB
LABG_0045,Lactiplantibacillus plantarum,Lactiplantibacillus,GCF_001874125.1,core_LAB
LABG_0046,Lactiplantibacillus plantarum,Lactiplantibacillus,GCF_001880185.2,core_LAB
LABG_0047,Lactiplantibacillus plantarum,Lactiplantibacillus,GCF_001990145.1,core_LAB
LABG_0048,Lactiplantibacillus plantarum,Lactiplantibacillus,GCF_002005385.2,core_LAB
LABG_0049,Lactiplantibacillus plantarum,Lactiplantibacillus,GCF_002024845.1,core_LAB
LABG_0050,Lactiplantibacillus plantarum,Lactiplantibacillus,GCF_002109405.1,core_LAB
LABG_0051,Lactiplantibacillus plantarum,Lactiplantibacillus,GCF_002109425.1,core_LAB
LABG_0052,Lactiplantibacillus plantarum,Lactiplantibacillus,GCF_002116955.1,core_LAB
LABG_0053,Lactiplantibacillus plantarum,Lactiplantibacillus,GCF_002117245.1,core_LAB
LABG_0054,Lactiplantibacillus plantarum,Lactiplantibacillus,GCF_002117265.1,core_LAB
LABG_0055,Lactiplantibacillus plantarum,Lactiplantibacillus,GCF_002117285.1,core_LAB
LABG_0056,Lactiplantibacillus plantarum,Lactiplantibacillus,GCF_002117305.1,core_LAB
LABG_0057,Lactiplantibacillus plantarum,Lactiplantibacillus,GCF_002173655.1,core_LAB
LABG_0058,Lactiplantibacillus plantarum,Lactiplantibacillus,GCF_002174195.1,core_LAB
LABG_0059,Lactiplantibacillus plantarum,Lactiplantibacillus,GCF_002205775.2,core_LAB
LABG_0060,Lactiplantibacillus pentosus,Lactiplantibacillus,GCF_002211885.1,core_LAB
LABG_0061,Lactiplantibacillus plantarum,Lactiplantibacillus,GCF_002220175.1,core_LAB
LABG_0062,Lactiplantibacillus plantarum,Lactiplantibacillus,GCF_002220815.1,core_LAB
LABG_0063,Lactiplantibacillus plantarum,Lactiplantibacillus,GCF_002286275.1,core_LAB
LABG_0064,Lactiplantibacillus plantarum,Lactiplantibacillus,GCF_002290185.1,core_LAB
LABG_0065,Lactiplantibacillus plantarum,Lactiplantibacillus,GCF_002576835.1,core_LAB
LABG_0066,Lactiplantibacillus plantarum,Lactiplantibacillus,GCF_002749655.1,core_LAB
LABG_0067,Lactiplantibacillus pentosus,Lactiplantibacillus,GCF_002850015.1,core_LAB
LABG_0068,Lactiplantibacillus plantarum,Lactiplantibacillus,GCF_002868755.1,core_LAB
LABG_0069,Lactiplantibacillus plantarum,Lactiplantibacillus,GCF_002868775.1,core_LAB
LABG_0070,Lactiplantibacillus plantarum,Lactiplantibacillus,GCF_002895245.1,core_LAB
LABG_0071,Lactiplantibacillus plantarum,Lactiplantibacillus,GCF_002906875.1,core_LAB
LABG_0072,Lactiplantibacillus plantarum,Lactiplantibacillus,GCF_002943545.1,core_LAB
LABG_0073,Lactiplantibacillus plantarum,Lactiplantibacillus,GCF_002948215.1,core_LAB
LABG_0074,Lactiplantibacillus koreensis,Lactiplantibacillus,GCF_002970915.1,core_LAB
LABG_0075,Lactiplantibacillus kimchii,Lactiplantibacillus,GCF_002970935.1,core_LAB
LABG_0076,Lactiplantibacillus plantarum,Lactiplantibacillus,GCF_003020005.1,core_LAB
LABG_0077,Lactiplantibacillus plantarum,Lactiplantibacillus,GCF_003097595.1,core_LAB
LABG_0078,Lactiplantibacillus plantarum,Lactiplantibacillus,GCF_003143915.1,core_LAB
LABG_0079,Lactiplantibacillus plantarum,Lactiplantibacillus,GCF_003269405.1,core_LAB
LABG_0080,Lactiplantibacillus plantarum,Lactiplantibacillus,GCF_003286955.1,core_LAB
LABG_0081,Lactiplantibacillus plantarum,Lactiplantibacillus,GCF_003325395.1,core_LAB
LABG_0082,Lactiplantibacillus plantarum,Lactiplantibacillus,GCF_003345375.1,core_LAB
LABG_0083,Lactiplantibacillus plantarum,Lactiplantibacillus,GCF_003352125.1,core_LAB
LABG_0084,Lactiplantibacillus plantarum,Lactiplantibacillus,GCF_003428355.1,core_LAB
LABG_0085,Lactiplantibacillus plantarum,Lactiplantibacillus,GCF_003586485.1,core_LAB
LABG_0086,Lactiplantibacillus plantarum,Lactiplantibacillus,GCF_003589725.1,core_LAB
LABG_0087,Lactiplantibacillus plantarum,Lactiplantibacillus,GCF_003597595.1,core_LAB
LABG_0088,Lactiplantibacillus plantarum,Lactiplantibacillus,GCF_003597615.1,core_LAB
LABG_0089,Lactiplantibacillus plantarum,Lactiplantibacillus,GCF_003597635.1,core_LAB
LABG_0090,Lactiplantibacillus plantarum,Lactiplantibacillus,GCF_003611015.1,core_LAB
LABG_0091,Lactiplantibacillus pentosus,Lactiplantibacillus,GCF_003627295.1,core_LAB
LABG_0092,Lactiplantibacillus plantarum,Lactiplantibacillus,GCF_003627335.1,core_LAB
LABG_0093,Lactiplantibacillus plantarum,Lactiplantibacillus,GCF_003627355.1,core_LAB
LABG_0094,Lactiplantibacillus pentosus,Lactiplantibacillus,GCF_003627375.1,core_LAB
LABG_0095,Lactiplantibacillus paraplantarum,Lactiplantibacillus,GCF_003641145.1,core_LAB
LABG_0096,Lactiplantibacillus argentoratensis,Lactiplantibacillus,GCF_003641165.1,core_LAB
LABG_0097,Lactiplantibacillus pentosus,Lactiplantibacillus,GCF_003641185.1,core_LAB
LABG_0098,Lactiplantibacillus plantarum,Lactiplantibacillus,GCF_003813125.1,core_LAB
LABG_0099,Lactiplantibacillus plantarum,Lactiplantibacillus,GCF_003966855.1,core_LAB
LABG_0100,Lactiplantibacillus plantarum,Lactiplantibacillus,GCF_003999275.1,core_LAB
LABG_0101,Lactiplantibacillus plantarum,Lactiplantibacillus,GCF_003999605.1,core_LAB
LABG_0102,Lactiplantibacillus plantarum,Lactiplantibacillus,GCF_004028295.1,core_LAB
LABG_0103,Lactiplantibacillus plantarum,Lactiplantibacillus,GCF_004028315.1,core_LAB
LABG_0104,Lactiplantibacillus plantarum,Lactiplantibacillus,GCF_004028335.1,core_LAB
LABG_0105,Lactiplantibacillus plantarum,Lactiplantibacillus,GCF_004087995.1,core_LAB
LABG_0106,Lactiplantibacillus plantarum,Lactiplantibacillus,GCF_004101325.1,core_LAB
LABG_0107,Lactiplantibacillus plantarum,Lactiplantibacillus,GCF_004101505.1,core_LAB
LABG_0108,Lactiplantibacillus plantarum,Lactiplantibacillus,GCF_004101545.1,core_LAB
LABG_0109,Lactiplantibacillus plantarum,Lactiplantibacillus,GCF_004101625.1,core_LAB
LABG_0110,Lactiplantibacillus plantarum,Lactiplantibacillus,GCF_004101645.1,core_LAB
LABG_0111,Lactiplantibacillus plantarum,Lactiplantibacillus,GCF_004103495.1,core_LAB
LABG_0112,Lactiplantibacillus plantarum,Lactiplantibacillus,GCF_004103515.1,core_LAB
LABG_0113,Lactiplantibacillus plantarum,Lactiplantibacillus,GCF_004141755.1,core_LAB
LABG_0114,Lactiplantibacillus plantarum,Lactiplantibacillus,GCF_004141875.1,core_LAB
LABG_0115,Lactiplantibacillus plantarum,Lactiplantibacillus,GCF_004141895.1,core_LAB
LABG_0116,Lactiplantibacillus plantarum,Lactiplantibacillus,GCF_004319665.1,core_LAB
LABG_0117,Lactiplantibacillus plantarum,Lactiplantibacillus,GCF_004328745.1,core_LAB
LABG_0118,Lactiplantibacillus plantarum,Lactiplantibacillus,GCF_004337615.1,core_LAB
LABG_0119,Lactiplantibacillus plantarum,Lactiplantibacillus,GCF_004730965.1,core_LAB
LABG_0120,Lactiplantibacillus plantarum,Lactiplantibacillus,GCF_005576935.1,core_LAB
LABG_0121,Lactiplantibacillus plantarum,Lactiplantibacillus,GCF_006770485.1,core_LAB
LABG_0122,Lactiplantibacillus plantarum,Lactiplantibacillus,GCF_006770505.1,core_LAB
LABG_0123,Lactiplantibacillus plantarum,Lactiplantibacillus,GCF_007833595.1,core_LAB
LABG_0124,Lactiplantibacillus plantarum,Lactiplantibacillus,GCF_009619495.1,core_LAB
LABG_0125,Lactiplantibacillus plantarum,Lactiplantibacillus,GCF_009720585.1,core_LAB
LABG_0126,Lactiplantibacillus plantarum,Lactiplantibacillus,GCF_009759825.1,core_LAB
LABG_0127,Lactiplantibacillus plantarum,Lactiplantibacillus,GCF_009759845.1,core_LAB
LABG_0128,Lactiplantibacillus plantarum,Lactiplantibacillus,GCF_009762745.1,core_LAB
LABG_0129,Lactiplantibacillus plantarum,Lactiplantibacillus,GCF_009913615.1,core_LAB
LABG_0130,Lactiplantibacillus plantarum,Lactiplantibacillus,GCF_009913635.1,core_LAB
LABG_0131,Lactiplantibacillus plantarum,Lactiplantibacillus,GCF_009913655.1,core_LAB
LABG_0132,Lactiplantibacillus plantarum,Lactiplantibacillus,GCF_009913675.1,core_LAB
LABG_0133,Lactiplantibacillus plantarum,Lactiplantibacillus,GCF_009913695.1,core_LAB
LABG_0134,Lactiplantibacillus plantarum,Lactiplantibacillus,GCF_009913835.1,core_LAB
LABG_0135,Lactiplantibacillus plantarum,Lactiplantibacillus,GCF_009913855.1,core_LAB
LABG_0136,Lactiplantibacillus plantarum,Lactiplantibacillus,GCF_009913975.1,core_LAB
LABG_0137,Lactiplantibacillus plantarum,Lactiplantibacillus,GCF_009914095.1,core_LAB
LABG_0138,Lactiplantibacillus plantarum,Lactiplantibacillus,GCF_009937825.1,core_LAB
LABG_0139,Lactiplantibacillus plantarum,Lactiplantibacillus,GCF_010092485.1,core_LAB
LABG_0140,Lactiplantibacillus plantarum,Lactiplantibacillus,GCF_010586945.1,core_LAB
LABG_0141,Lactiplantibacillus plantarum,Lactiplantibacillus,GCF_011022295.1,core_LAB
LABG_0142,Lactiplantibacillus plantarum,Lactiplantibacillus,GCF_011304595.2,core_LAB
LABG_0143,Lactiplantibacillus plantarum,Lactiplantibacillus,GCF_012109355.1,core_LAB
LABG_0144,Lactiplantibacillus plantarum,Lactiplantibacillus,GCF_012974545.1,core_LAB
LABG_0145,Lactiplantibacillus paraplantarum,Lactiplantibacillus,GCF_013113675.1,core_LAB
LABG_0146,Lactiplantibacillus plantarum,Lactiplantibacillus,GCF_013155145.1,core_LAB
LABG_0147,Lactiplantibacillus plantarum,Lactiplantibacillus,GCF_013256965.1,core_LAB
LABG_0148,Lactiplantibacillus plantarum,Lactiplantibacillus,GCF_013305265.1,core_LAB
LABG_0149,Lactiplantibacillus plantarum,Lactiplantibacillus,GCF_013367715.1,core_LAB
LABG_0150,Lactiplantibacillus plantarum,Lactiplantibacillus,GCF_013458335.1,core_LAB
LABG_0151,Lactiplantibacillus plantarum,Lactiplantibacillus,GCF_013487805.1,core_LAB
LABG_0152,Lactiplantibacillus plantarum,Lactiplantibacillus,GCF_013694305.1,core_LAB
LABG_0153,Lactiplantibacillus plantarum,Lactiplantibacillus,GCF_014041895.1,core_LAB
LABG_0154,Lactiplantibacillus plantarum,Lactiplantibacillus,GCF_014084065.1,core_LAB
LABG_0155,Lactiplantibacillus plantarum,Lactiplantibacillus,GCF_014131735.1,core_LAB
LABG_0156,Lactiplantibacillus plantarum,Lactiplantibacillus,GCF_014840995.1,core_LAB
LABG_0157,Lactiplantibacillus plantarum,Lactiplantibacillus,GCF_015377525.1,core_LAB
LABG_0158,Lactiplantibacillus plantarum,Lactiplantibacillus,GCF_015693925.1,core_LAB
LABG_0159,Lactiplantibacillus plantarum,Lactiplantibacillus,GCF_016066915.1,core_LAB
LABG_0160,Lactiplantibacillus plantarum,Lactiplantibacillus,GCF_016415605.1,core_LAB
LABG_0161,Lactiplantibacillus plantarum,Lactiplantibacillus,GCF_016598735.1,core_LAB
LABG_0162,Lactiplantibacillus plantarum,Lactiplantibacillus,GCF_016775685.1,core_LAB
LABG_0163,Lactiplantibacillus plantarum,Lactiplantibacillus,GCF_016812075.1,core_LAB
LABG_0164,Lactiplantibacillus plantarum,Lactiplantibacillus,GCF_016838645.1,core_LAB
LABG_0165,Lactiplantibacillus plantarum,Lactiplantibacillus,GCF_016894405.1,core_LAB
LABG_0166,Lactiplantibacillus plantarum,Lactiplantibacillus,GCF_017301935.1,core_LAB
LABG_0167,Lactiplantibacillus plantarum,Lactiplantibacillus,GCF_017351995.1,core_LAB
LABG_0168,Lactiplantibacillus plantarum,Lactiplantibacillus,GCF_017576965.1,core_LAB
LABG_0169,Lactiplantibacillus plantarum,Lactiplantibacillus,GCF_017742875.1,core_LAB
LABG_0170,Lactiplantibacillus plantarum,Lactiplantibacillus,GCF_017798305.1,core_LAB
LABG_0171,Lactiplantibacillus plantarum,Lactiplantibacillus,GCF_018351295.1,core_LAB
LABG_0172,Lactiplantibacillus plantarum,Lactiplantibacillus,GCF_018588605.2,core_LAB
LABG_0173,Lactiplantibacillus plantarum,Lactiplantibacillus,GCF_018588615.2,core_LAB
LABG_0174,Lactiplantibacillus plantarum,Lactiplantibacillus,GCF_018588665.2,core_LAB
LABG_0175,Lactiplantibacillus plantarum,Lactiplantibacillus,GCF_019076805.1,core_LAB
LABG_0176,Lactiplantibacillus plantarum,Lactiplantibacillus,GCF_019211765.1,core_LAB
LABG_0177,Lactiplantibacillus plantarum,Lactiplantibacillus,GCF_019211785.1,core_LAB
LABG_0178,Lactiplantibacillus plantarum,Lactiplantibacillus,GCF_019321805.1,core_LAB
LABG_0179,Lactiplantibacillus plantarum,Lactiplantibacillus,GCF_019399915.1,core_LAB
LABG_0180,Lactiplantibacillus plantarum,Lactiplantibacillus,GCF_019425695.1,core_LAB
LABG_0181,Lactiplantibacillus plantarum,Lactiplantibacillus,GCF_019469465.1,core_LAB
LABG_0182,Lactiplantibacillus plantarum,Lactiplantibacillus,GCF_020881935.1,core_LAB
LABG_0183,Lactiplantibacillus plantarum,Lactiplantibacillus,GCF_021279005.2,core_LAB
LABG_0184,Lactiplantibacillus plantarum,Lactiplantibacillus,GCF_021559675.1,core_LAB
LABG_0185,Lactiplantibacillus plantarum,Lactiplantibacillus,GCF_021559915.1,core_LAB
LABG_0186,Lactiplantibacillus plantarum,Lactiplantibacillus,GCF_021560135.1,core_LAB
LABG_0187,Lactiplantibacillus plantarum,Lactiplantibacillus,GCF_021650875.1,core_LAB
LABG_0188,Lactiplantibacillus paraplantarum,Lactiplantibacillus,GCF_021869545.1,core_LAB
LABG_0189,Lactiplantibacillus plantarum,Lactiplantibacillus,GCF_022558425.1,core_LAB
LABG_0190,Lactiplantibacillus plantarum,Lactiplantibacillus,GCF_022810685.1,core_LAB
LABG_0191,Lactiplantibacillus plantarum,Lactiplantibacillus,GCF_023207995.1,core_LAB
LABG_0192,Lactiplantibacillus plantarum,Lactiplantibacillus,GCF_023278325.1,core_LAB
LABG_0193,Lactiplantibacillus plantarum,Lactiplantibacillus,GCF_023347215.1,core_LAB
LABG_0194,Lactiplantibacillus plantarum,Lactiplantibacillus,GCF_023348385.1,core_LAB
LABG_0195,Lactiplantibacillus plantarum,Lactiplantibacillus,GCF_023348465.1,core_LAB
LABG_0196,Lactiplantibacillus plantarum,Lactiplantibacillus,GCF_023348525.1,core_LAB
LABG_0197,Lactiplantibacillus plantarum,Lactiplantibacillus,GCF_023370155.1,core_LAB
LABG_0198,Lactiplantibacillus pentosus,Lactiplantibacillus,GCF_023823145.1,core_LAB
LABG_0199,Lactiplantibacillus pentosus,Lactiplantibacillus,GCF_023972895.1,core_LAB
LABG_0200,Lactiplantibacillus plantarum,Lactiplantibacillus,GCF_023973045.1,core_LAB
LABG_0201,Lactiplantibacillus plantarum,Lactiplantibacillus,GCF_024137845.1,core_LAB
LABG_0202,Lactiplantibacillus plantarum,Lactiplantibacillus,GCF_024137985.1,core_LAB
LABG_0203,Lactiplantibacillus plantarum,Lactiplantibacillus,GCF_024181685.1,core_LAB
LABG_0204,Lactiplantibacillus plantarum,Lactiplantibacillus,GCF_024181705.1,core_LAB
LABG_0205,Lactiplantibacillus plantarum,Lactiplantibacillus,GCF_024396815.1,core_LAB
LABG_0206,Lactiplantibacillus plantarum,Lactiplantibacillus,GCF_024442115.1,core_LAB
LABG_0207,Lactiplantibacillus plantarum,Lactiplantibacillus,GCF_024732385.1,core_LAB
LABG_0208,Lactiplantibacillus plantarum,Lactiplantibacillus,GCF_024758665.1,core_LAB
LABG_0209,Lactiplantibacillus plantarum,Lactiplantibacillus,GCF_024758745.1,core_LAB
LABG_0210,Lactiplantibacillus plantarum,Lactiplantibacillus,GCF_024800605.1,core_LAB
LABG_0211,Lactiplantibacillus plantarum,Lactiplantibacillus,GCF_024969715.1,core_LAB
LABG_0212,Lactiplantibacillus plantarum,Lactiplantibacillus,GCF_024969905.1,core_LAB
LABG_0213,Lactiplantibacillus plantarum,Lactiplantibacillus,GCF_024970125.1,core_LAB
LABG_0214,Lactiplantibacillus plantarum,Lactiplantibacillus,GCF_024970145.1,core_LAB
LABG_0215,Lactiplantibacillus plantarum,Lactiplantibacillus,GCF_024970165.1,core_LAB
LABG_0216,Lactiplantibacillus plantarum,Lactiplantibacillus,GCF_025144505.1,core_LAB
LABG_0217,Lactiplantibacillus pentosus,Lactiplantibacillus,GCF_025398935.1,core_LAB
LABG_0218,Lactiplantibacillus plantarum,Lactiplantibacillus,GCF_025402835.1,core_LAB
LABG_0219,Lactiplantibacillus plantarum,Lactiplantibacillus,GCF_025723165.1,core_LAB
LABG_0220,Lactiplantibacillus plantarum,Lactiplantibacillus,GCF_026013765.1,core_LAB
LABG_0221,Lactiplantibacillus plantarum,Lactiplantibacillus,GCF_026016545.1,core_LAB
LABG_0222,Lactiplantibacillus plantarum,Lactiplantibacillus,GCF_026153115.1,core_LAB
LABG_0223,Lactiplantibacillus plantarum,Lactiplantibacillus,GCF_026183415.1,core_LAB
LABG_0224,Lactiplantibacillus pentosus,Lactiplantibacillus,GCF_026222675.1,core_LAB
LABG_0225,Lactiplantibacillus plantarum,Lactiplantibacillus,GCF_026240755.1,core_LAB
LABG_0226,Lactiplantibacillus plantarum,Lactiplantibacillus,GCF_026689375.1,core_LAB
LABG_0227,Lactiplantibacillus plantarum,Lactiplantibacillus,GCF_026976315.1,core_LAB
LABG_0228,Lactiplantibacillus plantarum,Lactiplantibacillus,GCF_027474465.1,core_LAB
LABG_0229,Lactiplantibacillus plantarum,Lactiplantibacillus,GCF_027557615.1,core_LAB
LABG_0230,Lactiplantibacillus plantarum,Lactiplantibacillus,GCF_027558615.1,core_LAB
LABG_0231,Lactiplantibacillus plantarum,Lactiplantibacillus,GCF_027920405.1,core_LAB
LABG_0232,Lactiplantibacillus plantarum,Lactiplantibacillus,GCF_028201575.1,core_LAB
LABG_0233,Lactiplantibacillus plantarum,Lactiplantibacillus,GCF_028463965.1,core_LAB
LABG_0234,Lactiplantibacillus plantarum,Lactiplantibacillus,GCF_028768485.1,core_LAB
LABG_0235,Lactiplantibacillus plantarum,Lactiplantibacillus,GCF_028869445.1,core_LAB
LABG_0236,Lactiplantibacillus paraplantarum,Lactiplantibacillus,GCF_029025825.1,core_LAB
LABG_0237,Lactiplantibacillus paraplantarum,Lactiplantibacillus,GCF_029391915.1,core_LAB
LABG_0238,Lactiplantibacillus plantarum,Lactiplantibacillus,GCF_029542245.1,core_LAB
LABG_0239,Lactiplantibacillus plantarum,Lactiplantibacillus,GCF_029543005.1,core_LAB
LABG_0240,Lactiplantibacillus plantarum,Lactiplantibacillus,GCF_029590535.1,core_LAB
LABG_0241,Lactiplantibacillus plantarum,Lactiplantibacillus,GCF_029637825.1,core_LAB
LABG_0242,Lactiplantibacillus plantarum,Lactiplantibacillus,GCF_029814785.1,core_LAB
LABG_0243,Lactiplantibacillus plantarum,Lactiplantibacillus,GCF_029834415.1,core_LAB
LABG_0244,Lactiplantibacillus plantarum,Lactiplantibacillus,GCF_029854235.1,core_LAB
LABG_0245,Lactiplantibacillus plantarum,Lactiplantibacillus,GCF_029854315.1,core_LAB
LABG_0246,Lactiplantibacillus plantarum,Lactiplantibacillus,GCF_029854335.1,core_LAB
LABG_0247,Lactiplantibacillus plantarum,Lactiplantibacillus,GCF_029855105.1,core_LAB
LABG_0248,Lactiplantibacillus plantarum,Lactiplantibacillus,GCF_029906425.1,core_LAB
LABG_0249,Lactiplantibacillus plantarum,Lactiplantibacillus,GCF_030253605.1,core_LAB
LABG_0250,Lactiplantibacillus plantarum,Lactiplantibacillus,GCF_030297695.1,core_LAB
LABG_0251,Lactiplantibacillus plantarum,Lactiplantibacillus,GCF_030297735.1,core_LAB
LABG_0252,Lactiplantibacillus plantarum,Lactiplantibacillus,GCF_030463605.1,core_LAB
LABG_0253,Lactiplantibacillus pentosus,Lactiplantibacillus,GCF_030480485.1,core_LAB
LABG_0254,Lactiplantibacillus pentosus,Lactiplantibacillus,GCF_030489685.1,core_LAB
LABG_0255,Lactiplantibacillus plantarum,Lactiplantibacillus,GCF_030503695.1,core_LAB
LABG_0256,Lactiplantibacillus plantarum,Lactiplantibacillus,GCF_030758995.1,core_LAB
LABG_0257,Lactiplantibacillus plantarum,Lactiplantibacillus,GCF_031348585.1,core_LAB
LABG_0258,Lactiplantibacillus plantarum,Lactiplantibacillus,GCF_031432955.1,core_LAB
LABG_0259,Lactiplantibacillus plantarum,Lactiplantibacillus,GCF_031583165.1,core_LAB
LABG_0260,Lactiplantibacillus plantarum,Lactiplantibacillus,GCF_031596315.1,core_LAB
LABG_0261,Lactiplantibacillus plantarum,Lactiplantibacillus,GCF_031597175.1,core_LAB
LABG_0262,Lactiplantibacillus plantarum,Lactiplantibacillus,GCF_031876755.1,core_LAB
LABG_0263,Lactiplantibacillus plantarum,Lactiplantibacillus,GCF_031877725.1,core_LAB
LABG_0264,Lactiplantibacillus plantarum,Lactiplantibacillus,GCF_032463565.1,core_LAB
LABG_0265,Lactiplantibacillus plantarum,Lactiplantibacillus,GCF_032463585.1,core_LAB
LABG_0266,Lactiplantibacillus plantarum,Lactiplantibacillus,GCF_032602185.1,core_LAB
LABG_0267,Lactiplantibacillus plantarum,Lactiplantibacillus,GCF_032818175.1,core_LAB
LABG_0268,Lactiplantibacillus plantarum,Lactiplantibacillus,GCF_032920365.1,core_LAB
LABG_0269,Lactiplantibacillus plantarum,Lactiplantibacillus,GCF_032921125.1,core_LAB
LABG_0270,Lactiplantibacillus plantarum,Lactiplantibacillus,GCF_033024555.1,core_LAB
LABG_0271,Lactiplantibacillus plantarum,Lactiplantibacillus,GCF_033546835.1,core_LAB
LABG_0272,Lactiplantibacillus plantarum,Lactiplantibacillus,GCF_033802745.1,core_LAB
LABG_0273,Lactiplantibacillus plantarum,Lactiplantibacillus,GCF_033802805.1,core_LAB
LABG_0274,Lactiplantibacillus plantarum,Lactiplantibacillus,GCF_034333585.1,core_LAB
LABG_0275,Lactiplantibacillus plantarum,Lactiplantibacillus,GCF_034426955.1,core_LAB
LABG_0276,Lactiplantibacillus plantarum,Lactiplantibacillus,GCF_035336205.1,core_LAB
LABG_0277,Lactiplantibacillus plantarum,Lactiplantibacillus,GCF_035338015.1,core_LAB
LABG_0278,Lactiplantibacillus plantarum,Lactiplantibacillus,GCF_035588615.1,core_LAB
LABG_0279,Lactiplantibacillus plantarum,Lactiplantibacillus,GCF_036255815.1,core_LAB
LABG_0280,Lactiplantibacillus plantarum,Lactiplantibacillus,GCF_036259715.1,core_LAB
LABG_0281,Lactiplantibacillus plantarum,Lactiplantibacillus,GCF_036287535.1,core_LAB
LABG_0282,Lactiplantibacillus plantarum,Lactiplantibacillus,GCF_036321505.1,core_LAB
LABG_0283,Lactiplantibacillus plantarum,Lactiplantibacillus,GCF_036321605.1,core_LAB
LABG_0284,Lactiplantibacillus plantarum,Lactiplantibacillus,GCF_036416335.1,core_LAB
LABG_0285,Lactiplantibacillus plantarum,Lactiplantibacillus,GCF_036898925.1,core_LAB
LABG_0286,Lactiplantibacillus plantarum,Lactiplantibacillus,GCF_037094665.1,core_LAB
LABG_0287,Lactiplantibacillus plantarum,Lactiplantibacillus,GCF_037099845.1,core_LAB
LABG_0288,Lactiplantibacillus plantarum,Lactiplantibacillus,GCF_037099865.1,core_LAB
LABG_0289,Lactiplantibacillus plantarum,Lactiplantibacillus,GCF_037100195.1,core_LAB
LABG_0290,Lactiplantibacillus plantarum,Lactiplantibacillus,GCF_037113575.1,core_LAB
LABG_0291,Lactiplantibacillus argentoratensis,Lactiplantibacillus,GCF_037290055.1,core_LAB
LABG_0292,Lactiplantibacillus plantarum,Lactiplantibacillus,GCF_037414365.1,core_LAB
LABG_0293,Lactiplantibacillus plantarum,Lactiplantibacillus,GCF_037414405.1,core_LAB
LABG_0294,Lactiplantibacillus plantarum,Lactiplantibacillus,GCF_037414485.1,core_LAB
LABG_0295,Lactiplantibacillus plantarum,Lactiplantibacillus,GCF_037997095.1,core_LAB
LABG_0296,Lactiplantibacillus plantarum,Lactiplantibacillus,GCF_038024955.1,core_LAB
LABG_0297,Lactiplantibacillus plantarum,Lactiplantibacillus,GCF_038096155.1,core_LAB
LABG_0298,Lactiplantibacillus plantarum,Lactiplantibacillus,GCF_038592865.1,core_LAB
LABG_0299,Lactiplantibacillus paraplantarum,Lactiplantibacillus,GCF_038592875.1,core_LAB
LABG_0300,Lactiplantibacillus plantarum,Lactiplantibacillus,GCF_038743365.1,core_LAB
LABG_0301,Lactiplantibacillus plantarum,Lactiplantibacillus,GCF_039725565.1,core_LAB
LABG_0302,Lactiplantibacillus plantarum,Lactiplantibacillus,GCF_039954855.1,core_LAB
LABG_0303,Lactiplantibacillus plantarum,Lactiplantibacillus,GCF_040268325.1,core_LAB
LABG_0304,Lactiplantibacillus plantarum,Lactiplantibacillus,GCF_040271445.1,core_LAB
LABG_0305,Lactiplantibacillus plantarum,Lactiplantibacillus,GCF_040356725.1,core_LAB
LABG_0306,Lactiplantibacillus plantarum,Lactiplantibacillus,GCF_040435965.1,core_LAB
LABG_0307,Lactiplantibacillus plantarum,Lactiplantibacillus,GCF_040448705.1,core_LAB
LABG_0308,Lactiplantibacillus plantarum,Lactiplantibacillus,GCF_040536935.1,core_LAB
LABG_0309,Lactiplantibacillus plantarum,Lactiplantibacillus,GCF_040745055.1,core_LAB
LABG_0310,Lactiplantibacillus plantarum,Lactiplantibacillus,GCF_040790815.1,core_LAB
LABG_0311,Lactiplantibacillus plantarum,Lactiplantibacillus,GCF_040790905.1,core_LAB
LABG_0312,Lactiplantibacillus plantarum,Lactiplantibacillus,GCF_040822455.1,core_LAB
LABG_0313,Lactiplantibacillus pentosus,Lactiplantibacillus,GCF_040969965.1,core_LAB
LABG_0314,Lactiplantibacillus plantarum,Lactiplantibacillus,GCF_041080595.1,core_LAB
LABG_0315,Lactiplantibacillus plantarum,Lactiplantibacillus,GCF_041222805.1,core_LAB
LABG_0316,Lactiplantibacillus plantarum,Lactiplantibacillus,GCF_041297935.1,core_LAB
LABG_0317,Lactiplantibacillus plantarum,Lactiplantibacillus,GCF_041344935.1,core_LAB
LABG_0318,Lactiplantibacillus plantarum,Lactiplantibacillus,GCF_041344945.1,core_LAB
LABG_0319,Lactiplantibacillus plantarum,Lactiplantibacillus,GCF_041531555.1,core_LAB
LABG_0320,Lactiplantibacillus plantarum,Lactiplantibacillus,GCF_041725645.1,core_LAB
LABG_0321,Lactiplantibacillus plantarum,Lactiplantibacillus,GCF_041927215.1,core_LAB
LABG_0322,Lactiplantibacillus plantarum,Lactiplantibacillus,GCF_041941405.1,core_LAB
LABG_0323,Lactiplantibacillus plantarum,Lactiplantibacillus,GCF_042465735.1,core_LAB
LABG_0324,Lactiplantibacillus plantarum,Lactiplantibacillus,GCF_042691645.1,core_LAB
LABG_0325,Lactiplantibacillus plantarum,Lactiplantibacillus,GCF_044095195.1,core_LAB
LABG_0326,Lactiplantibacillus plantarum,Lactiplantibacillus,GCF_044590115.1,core_LAB
LABG_0327,Lactiplantibacillus plantarum,Lactiplantibacillus,GCF_045010365.1,core_LAB
LABG_0328,Lactiplantibacillus plantarum,Lactiplantibacillus,GCF_045159745.1,core_LAB
LABG_0329,Lactiplantibacillus plantarum,Lactiplantibacillus,GCF_045348015.1,core_LAB
LABG_0330,Lactiplantibacillus plantarum,Lactiplantibacillus,GCF_045348195.1,core_LAB
LABG_0331,Lactiplantibacillus brownii,Lactiplantibacillus,GCF_045862825.1,core_LAB
LABG_0332,Lactiplantibacillus plantarum,Lactiplantibacillus,GCF_046097075.1,core_LAB
LABG_0333,Lactiplantibacillus plantarum,Lactiplantibacillus,GCF_046109905.1,core_LAB
LABG_0334,Lactiplantibacillus plantarum,Lactiplantibacillus,GCF_046244405.1,core_LAB
LABG_0335,Lactiplantibacillus plantarum,Lactiplantibacillus,GCF_046529735.1,core_LAB
LABG_0336,Lactiplantibacillus plantarum,Lactiplantibacillus,GCF_046843265.1,core_LAB
LABG_0337,Lactiplantibacillus plantarum,Lactiplantibacillus,GCF_047041085.1,core_LAB
LABG_0338,Lactiplantibacillus plantarum,Lactiplantibacillus,GCF_047223445.1,core_LAB
LABG_0339,Lactiplantibacillus plantarum,Lactiplantibacillus,GCF_047224495.1,core_LAB
LABG_0340,Lactiplantibacillus plantarum,Lactiplantibacillus,GCF_047277305.1,core_LAB
LABG_0341,Lactiplantibacillus plantarum,Lactiplantibacillus,GCF_047495545.1,core_LAB
LABG_0342,Lactiplantibacillus plantarum,Lactiplantibacillus,GCF_047649195.1,core_LAB
LABG_0343,Lactiplantibacillus plantarum,Lactiplantibacillus,GCF_048008025.1,core_LAB
LABG_0344,Lactiplantibacillus plantarum,Lactiplantibacillus,GCF_048009075.1,core_LAB
LABG_0345,Lactiplantibacillus plantarum,Lactiplantibacillus,GCF_048541615.1,core_LAB
LABG_0346,Lactiplantibacillus plantarum,Lactiplantibacillus,GCF_048568895.1,core_LAB
LABG_0347,Lactiplantibacillus plantarum,Lactiplantibacillus,GCF_049177195.1,core_LAB
LABG_0348,Lactiplantibacillus plantarum,Lactiplantibacillus,GCF_049177205.1,core_LAB
LABG_0349,Lactiplantibacillus plantarum,Lactiplantibacillus,GCF_049188355.1,core_LAB
LABG_0350,Lactiplantibacillus plantarum,Lactiplantibacillus,GCF_049190885.1,core_LAB
LABG_0351,Lactiplantibacillus plantarum,Lactiplantibacillus,GCF_049241955.1,core_LAB
LABG_0352,Lactiplantibacillus plantarum,Lactiplantibacillus,GCF_049330845.1,core_LAB
LABG_0353,Lactiplantibacillus plantarum,Lactiplantibacillus,GCF_049477935.1,core_LAB
LABG_0354,Lactiplantibacillus pentosus,Lactiplantibacillus,GCF_049544935.1,core_LAB
LABG_0355,Lactiplantibacillus plantarum,Lactiplantibacillus,GCF_049942725.1,core_LAB
LABG_0356,Lactiplantibacillus plantarum,Lactiplantibacillus,GCF_049942745.1,core_LAB
LABG_0357,Lactiplantibacillus plantarum,Lactiplantibacillus,GCF_049990875.1,core_LAB
LABG_0358,Lactiplantibacillus plantarum,Lactiplantibacillus,GCF_050106605.1,core_LAB
LABG_0359,Lactiplantibacillus pentosus,Lactiplantibacillus,GCF_050407965.1,core_LAB
LABG_0360,Lactiplantibacillus plantarum,Lactiplantibacillus,GCF_050563485.1,core_LAB
LABG_0361,Lactiplantibacillus plantarum,Lactiplantibacillus,GCF_050613195.1,core_LAB
LABG_0362,Lactiplantibacillus plantarum,Lactiplantibacillus,GCF_050613265.1,core_LAB
LABG_0363,Lactiplantibacillus plantarum,Lactiplantibacillus,GCF_050707955.1,core_LAB
LABG_0364,Lactiplantibacillus argentoratensis,Lactiplantibacillus,GCF_050847345.1,core_LAB
LABG_0365,Lactiplantibacillus pentosus,Lactiplantibacillus,GCF_050858995.1,core_LAB
LABG_0366,Lactiplantibacillus argentoratensis,Lactiplantibacillus,GCF_050871075.1,core_LAB
LABG_0367,Lactiplantibacillus plantarum,Lactiplantibacillus,GCF_050920835.1,core_LAB
LABG_0368,Lactiplantibacillus paraplantarum,Lactiplantibacillus,GCF_051098045.1,core_LAB
LABG_0369,Lactiplantibacillus plantarum,Lactiplantibacillus,GCF_051123805.1,core_LAB
LABG_0370,Lactiplantibacillus plantarum,Lactiplantibacillus,GCF_051217015.1,core_LAB
LABG_0371,Lactiplantibacillus plantarum,Lactiplantibacillus,GCF_051225605.1,core_LAB
LABG_0372,Lactiplantibacillus plantarum,Lactiplantibacillus,GCF_051557165.1,core_LAB
LABG_0373,Lactiplantibacillus plantarum,Lactiplantibacillus,GCF_051860185.1,core_LAB
LABG_0374,Lactiplantibacillus plantarum,Lactiplantibacillus,GCF_051903995.1,core_LAB
LABG_0375,Lactiplantibacillus plantarum,Lactiplantibacillus,GCF_051918085.1,core_LAB
LABG_0376,Lactiplantibacillus plantarum,Lactiplantibacillus,GCF_051990715.1,core_LAB
LABG_0377,Lactiplantibacillus plantarum,Lactiplantibacillus,GCF_052037465.1,core_LAB
LABG_0378,Lactiplantibacillus plantarum,Lactiplantibacillus,GCF_052063245.1,core_LAB
LABG_0379,Lactiplantibacillus plantarum,Lactiplantibacillus,GCF_052232885.1,core_LAB
LABG_0380,Lactiplantibacillus plantarum,Lactiplantibacillus,GCF_052373675.1,core_LAB
LABG_0381,Lactiplantibacillus plantarum,Lactiplantibacillus,GCF_052373895.1,core_LAB
LABG_0382,Lactiplantibacillus plantarum,Lactiplantibacillus,GCF_052386115.1,core_LAB
LABG_0383,Lactiplantibacillus plantarum,Lactiplantibacillus,GCF_052438955.1,core_LAB
LABG_0384,Lactiplantibacillus plantarum,Lactiplantibacillus,GCF_052692365.1,core_LAB
LABG_0385,Lactiplantibacillus plantarum,Lactiplantibacillus,GCF_052692615.1,core_LAB
LABG_0386,Lactiplantibacillus plantarum,Lactiplantibacillus,GCF_053570545.1,core_LAB
LABG_0387,Lactiplantibacillus pentosus,Lactiplantibacillus,GCF_053813565.1,core_LAB
LABG_0388,Lactiplantibacillus plantarum,Lactiplantibacillus,GCF_053849045.1,core_LAB
LABG_0389,Lactiplantibacillus plantarum,Lactiplantibacillus,GCF_054031125.1,core_LAB
LABG_0390,Lactiplantibacillus plantarum,Lactiplantibacillus,GCF_054113425.1,core_LAB
LABG_0391,Lactiplantibacillus pentosus,Lactiplantibacillus,GCF_054129855.1,core_LAB
LABG_0392,Lactiplantibacillus pentosus,Lactiplantibacillus,GCF_054343575.1,core_LAB
LABG_0393,Lactiplantibacillus plantarum,Lactiplantibacillus,GCF_054484395.1,core_LAB
LABG_0394,Lactiplantibacillus plantarum,Lactiplantibacillus,GCF_054568115.1,core_LAB
LABG_0395,Lactiplantibacillus plantarum,Lactiplantibacillus,GCF_054695985.1,core_LAB
LABG_0396,Lactiplantibacillus plantarum,Lactiplantibacillus,GCF_054918155.1,core_LAB
LABG_0397,Lactiplantibacillus pentosus,Lactiplantibacillus,GCF_055233895.1,core_LAB
LABG_0398,Lactiplantibacillus plantarum,Lactiplantibacillus,GCF_055234055.1,core_LAB
LABG_0399,Lactiplantibacillus plantarum,Lactiplantibacillus,GCF_055809795.1,core_LAB
LABG_0400,Lactiplantibacillus plantarum,Lactiplantibacillus,GCF_056175105.1,core_LAB
LABG_0401,Lactiplantibacillus plantarum,Lactiplantibacillus,GCF_056270385.1,core_LAB
LABG_0402,Lactiplantibacillus plantarum,Lactiplantibacillus,GCF_056490545.1,core_LAB
LABG_0403,Lactiplantibacillus plantarum,Lactiplantibacillus,GCF_056618465.1,core_LAB
LABG_0404,Lactiplantibacillus paraplantarum,Lactiplantibacillus,GCF_056618485.1,core_LAB
LABG_0405,Lactiplantibacillus plantarum,Lactiplantibacillus,GCF_056725865.1,core_LAB
LABG_0406,Lactiplantibacillus plantarum,Lactiplantibacillus,GCF_056739195.1,core_LAB
LABG_0407,Lactiplantibacillus plantarum,Lactiplantibacillus,GCF_056821015.1,core_LAB
LABG_0408,Lactiplantibacillus pentosus,Lactiplantibacillus,GCF_056847305.1,core_LAB
LABG_0409,Lactiplantibacillus plantarum,Lactiplantibacillus,GCF_056858315.1,core_LAB
LABG_0410,Lactiplantibacillus plantarum,Lactiplantibacillus,GCF_057073515.1,core_LAB
LABG_0411,Lactiplantibacillus plantarum,Lactiplantibacillus,GCF_057073525.1,core_LAB
LABG_0412,Lactiplantibacillus plantarum,Lactiplantibacillus,GCF_057073535.1,core_LAB
LABG_0413,Lactiplantibacillus plantarum,Lactiplantibacillus,GCF_057073965.1,core_LAB
LABG_0414,Lactiplantibacillus plantarum,Lactiplantibacillus,GCF_057074005.1,core_LAB
LABG_0415,Lactiplantibacillus argentoratensis,Lactiplantibacillus,GCF_057074015.1,core_LAB
LABG_0416,Lactiplantibacillus plantarum,Lactiplantibacillus,GCF_057365125.1,core_LAB
LABG_0417,Lactiplantibacillus plantarum,Lactiplantibacillus,GCF_057400285.1,core_LAB
LABG_0418,Lactiplantibacillus plantarum,Lactiplantibacillus,GCF_057400295.1,core_LAB
LABG_0419,Lactiplantibacillus plantarum,Lactiplantibacillus,GCF_057418535.1,core_LAB
LABG_0420,Lactiplantibacillus plantarum,Lactiplantibacillus,GCF_057418565.1,core_LAB
LABG_0421,Lactiplantibacillus plantarum,Lactiplantibacillus,GCF_057418615.1,core_LAB
LABG_0422,Lactiplantibacillus plantarum,Lactiplantibacillus,GCF_057418625.1,core_LAB
LABG_0423,Lactiplantibacillus plantarum,Lactiplantibacillus,GCF_057418965.1,core_LAB
LABG_0424,Lactiplantibacillus plantarum,Lactiplantibacillus,GCF_057457675.1,core_LAB
LABG_0425,Lactiplantibacillus plantarum,Lactiplantibacillus,GCF_057736435.1,core_LAB
LABG_0426,Lactiplantibacillus plantarum,Lactiplantibacillus,GCF_057736635.1,core_LAB
LABG_0427,Lactiplantibacillus plantarum,Lactiplantibacillus,GCF_057785035.1,core_LAB
LABG_0428,Lactiplantibacillus plantarum,Lactiplantibacillus,GCF_057786755.1,core_LAB
LABG_0429,Lactiplantibacillus plantarum,Lactiplantibacillus,GCF_057815115.1,core_LAB
LABG_0430,Lactiplantibacillus plantarum,Lactiplantibacillus,GCF_057895855.1,core_LAB
LABG_0431,Lactiplantibacillus plantarum,Lactiplantibacillus,GCF_058066585.1,core_LAB
LABG_0432,Lactiplantibacillus plantarum,Lactiplantibacillus,GCF_058091815.1,core_LAB
LABG_0433,Lactiplantibacillus plantarum,Lactiplantibacillus,GCF_058134385.1,core_LAB
LABG_0434,Lactiplantibacillus plantarum,Lactiplantibacillus,GCF_058134395.1,core_LAB
LABG_0435,Lactiplantibacillus plantarum,Lactiplantibacillus,GCF_058134425.1,core_LAB
LABG_0436,Lactiplantibacillus argentoratensis,Lactiplantibacillus,GCF_058134445.1,core_LAB
LABG_0437,Lactiplantibacillus plantarum,Lactiplantibacillus,GCF_058134455.1,core_LAB
LABG_0438,Lactiplantibacillus plantarum,Lactiplantibacillus,GCF_058134485.1,core_LAB
LABG_0439,Lactiplantibacillus plantarum,Lactiplantibacillus,GCF_058134505.1,core_LAB
LABG_0440,Lactiplantibacillus plantarum,Lactiplantibacillus,GCF_058134515.1,core_LAB
LABG_0441,Lactiplantibacillus plantarum,Lactiplantibacillus,GCF_058134545.1,core_LAB
LABG_0442,Lactiplantibacillus plantarum,Lactiplantibacillus,GCF_058134565.1,core_LAB
LABG_0443,Lactiplantibacillus plantarum,Lactiplantibacillus,GCF_058134575.1,core_LAB
LABG_0444,Lactiplantibacillus argentoratensis,Lactiplantibacillus,GCF_058134605.1,core_LAB
LABG_0445,Lactiplantibacillus plantarum,Lactiplantibacillus,GCF_058134625.1,core_LAB
LABG_0446,Lactiplantibacillus plantarum,Lactiplantibacillus,GCF_058134635.1,core_LAB
LABG_0447,Lactiplantibacillus argentoratensis,Lactiplantibacillus,GCF_058134665.1,core_LAB
LABG_0448,Lactiplantibacillus argentoratensis,Lactiplantibacillus,GCF_058134675.1,core_LAB
LABG_0449,Lactiplantibacillus argentoratensis,Lactiplantibacillus,GCF_058134705.1,core_LAB
LABG_0450,Lactiplantibacillus argentoratensis,Lactiplantibacillus,GCF_058134725.1,core_LAB
LABG_0451,Lactiplantibacillus argentoratensis,Lactiplantibacillus,GCF_058134735.1,core_LAB
LABG_0452,Lactiplantibacillus plantarum,Lactiplantibacillus,GCF_058134785.1,core_LAB
LABG_0453,Lactiplantibacillus plantarum,Lactiplantibacillus,GCF_058134795.1,core_LAB
LABG_0454,Lactiplantibacillus plantarum,Lactiplantibacillus,GCF_058134825.1,core_LAB
LABG_0455,Lactiplantibacillus plantarum,Lactiplantibacillus,GCF_058134845.1,core_LAB
LABG_0456,Lactiplantibacillus plantarum,Lactiplantibacillus,GCF_058134875.1,core_LAB
LABG_0457,Lactiplantibacillus plantarum,Lactiplantibacillus,GCF_058134895.1,core_LAB
LABG_0458,Lactiplantibacillus argentoratensis,Lactiplantibacillus,GCF_058134935.1,core_LAB
LABG_0459,Lactiplantibacillus plantarum,Lactiplantibacillus,GCF_058134955.1,core_LAB
LABG_0460,Lactiplantibacillus plantarum,Lactiplantibacillus,GCF_058135345.1,core_LAB
LABG_0461,Lactiplantibacillus argentoratensis,Lactiplantibacillus,GCF_058135385.1,core_LAB
LABG_0462,Lactiplantibacillus plantarum,Lactiplantibacillus,GCF_058135485.1,core_LAB
LABG_0463,Lactiplantibacillus plantarum,Lactiplantibacillus,GCF_058437055.1,core_LAB
LABG_0464,Lactiplantibacillus plantarum,Lactiplantibacillus,GCF_059031825.1,core_LAB
LABG_0465,Lactiplantibacillus plantarum,Lactiplantibacillus,GCF_059488785.1,core_LAB
LABG_0466,Lactiplantibacillus plantarum,Lactiplantibacillus,GCF_059547555.1,core_LAB
LABG_0467,Lactiplantibacillus carotarum,Lactiplantibacillus,GCF_947539765.1,core_LAB
LABG_0468,Lactiplantibacillus xiangfangensis,Lactiplantibacillus,GCF_963243495.1,core_LAB
LABG_0469,Lactiplantibacillus pentosus,Lactiplantibacillus,GCF_964063425.1,core_LAB
LABG_0470,Lactiplantibacillus plantarum,Lactiplantibacillus,GCF_964065245.1,core_LAB
LABG_0471,Lactiplantibacillus plantarum,Lactiplantibacillus,GCF_964065445.1,core_LAB
LABG_0472,Lactiplantibacillus plantarum,Lactiplantibacillus,GCF_964084915.1,core_LAB
LABG_0473,Lactiplantibacillus plantarum,Lactiplantibacillus,GCF_964200455.1,core_LAB
LABG_0474,Lactiplantibacillus plantarum,Lactiplantibacillus,GCF_965286275.1,core_LAB
LABG_0475,Lactiplantibacillus argentoratensis,Lactiplantibacillus,GCF_965286285.1,core_LAB
LABG_0476,Lactiplantibacillus argentoratensis,Lactiplantibacillus,GCF_965286295.1,core_LAB
LABG_0477,Lactiplantibacillus plantarum,Lactiplantibacillus,GCF_965286415.1,core_LAB
LABG_0478,Lactiplantibacillus plantarum,Lactiplantibacillus,GCF_965286495.1,core_LAB
LABG_0479,Lactiplantibacillus plantarum,Lactiplantibacillus,GCF_965286625.1,core_LAB
LABG_0480,Lactiplantibacillus plantarum,Lactiplantibacillus,GCF_982553825.1,core_LAB
LABG_0481,Lactiplantibacillus plantarum,Lactiplantibacillus,GCF_982553985.1,core_LAB
LABG_0482,Lactiplantibacillus plantarum,Lactiplantibacillus,GCF_982554065.1,core_LAB
LABG_0483,Lactobacillus acidophilus,Lactobacillus,GCF_034298135.1,core_LAB
LABG_0484,Lactobacillus brevis,Lactobacillus,GCF_900475625.1,core_LAB
LABG_0485,Lactobacillus casei,Lactobacillus,GCF_000829055.1,core_LAB
LABG_0486,Lactobacillus crispatus,Lactobacillus,GCF_009769205.1,core_LAB
LABG_0487,Lactobacillus delbrueckii subsp. bulgaricus,Lactobacillus,GCF_000056065.1,core_LAB
LABG_0488,Lactobacillus farciminis,Lactobacillus,GCF_002706745.1,core_LAB
LABG_0489,Lactobacillus fermentum,Lactobacillus,GCF_005341425.1,core_LAB
LABG_0490,Lactobacillus gasseri,Lactobacillus,GCF_000014425.1,core_LAB
LABG_0491,Lactobacillus helveticus,Lactobacillus,GCF_046109915.1,core_LAB
LABG_0492,Lactobacillus johnsonii,Lactobacillus,GCF_014058685.1,core_LAB
LABG_0493,Lactobacillus murinus,Lactobacillus,GCF_003288115.1,core_LAB
LABG_0494,Lactobacillus paracasei,Lactobacillus,GCF_000155515.2,core_LAB
LABG_0495,Lactobacillus rhamnosus,Lactobacillus,GCF_900636965.1,core_LAB
LABG_0496,Lactobacillus sakei,Lactobacillus,GCF_054890615.1,core_LAB
LABG_0497,Lactobacillus salivarius,Lactobacillus,GCF_035231985.1,core_LAB
LABG_0498,Lactococcus lactis,Lactococcus,GCF_003176835.1,core_LAB
LABG_0499,Leuconostoc argentinum,Leuconostoc,GCF_000179875.1,core_LAB
LABG_0500,Leuconostoc citreum,Leuconostoc,GCF_007954785.1,core_LAB
LABG_0501,Leuconostoc mesenteroides,Leuconostoc,GCF_000014445.1,core_LAB
LABG_0502,Pediococcus pentosaceus,Pediococcus,GCF_000014505.1,core_LAB
LABG_0503,Propionibacterium freudenreichii subsp. shermanii,Propionibacterium,GCF_058410905.1,fermentative_non_LAB
LABG_0504,Streptococcus thermophilus,Streptococcus,GCF_903886475.1,core_LAB
LABG_0505,Weissella cibaria,Weissella,GCF_001951095.1,core_LAB
LABG_0506,Weissella confusa,Weissella,GCF_004771075.1,core_LAB
LABG_0507,Weissella koreensis,Weissella,GCF_000219805.1,core_LAB
